Report_ID,Department,Doc_Type,Date,Program,Key_Detail
RPT_001,"Sheriff Kelley Cradduck Major Nathan Atchison Chief Deputy R.L. Conner Major Shawn Holloway M1300 SW 14th Street Bentonville, Arkansas 72712 Phone: 479-271-1011 (Detention) 479-271-1008 (Admin) May 26, 2015 RE: Mine Resistant Ambush Protected vehicle acquired through 1033 Program To Whom It May Concern: On April 29, 2014, the Benton County Sheriffs Office obtained a Mine Resistant Ambush Protected vehicle (MRAP) through Law Enforcement Support Office 1033 Program. As of that date, our office has implemented a policy for the operation and training of the MRAP vehicle. The purpose of obtaining this vehicle is for it to be utilized by the Benton County Sheriff's Office Special Weapons and Tactics Team for the protection of officers and citizens during high risk operations for the safety of persons from threats such as, but not limited to potential gunfire. The policy has guidelines for the operation and maintenance of the vehicle. A deputy that has NOT received the appropriate training will not be allowed to operate the MRAP vehicle. Furthermore, drivers will have (at a minimum) an Arkansas Class B Commercial driver s license. The training will consist of the following: Y Overview of the vehicle to include its capabilities and limitations v Characteristics of the vehicle so the operators will have knowledge of its size and weight Basic maintenance Safe operating speeds Movement and maneuver Ground Guiding techniques for safe operation in small areas due to limited visibility Operation on slopes Restricted terrain Rough terrain driving Vehicle tip and rollover Steering and proper maneuvering Mount and Dismount Falls, smashed, and pinched extremities Use of seatbelts Risk of contact with low hanging objects such as power lines SS & SSS SEAR Detention Investigations Patrol Special Operations Captain Jeremy Guyll Captain Kenneth Paul Captain Lynn Hahn Captain Andy Lee Jr.",1033 Training Proposal,2015-05-26,MRAP Operations,"As of that date, our office has implemented a policy for the operation and training of the MRAP vehicle"
RPT_002,"Benton County Sheriff s Office POLICIES AND PROCEDURES SUBJECT MRAP Operations EFFECTIVE NUMBER 411.3 6/1/15 6/1/16 ISSUE DATE | 6/1/15 REVISION The Benton County Sheriff's Office obtained a Mine Resistant Ambush Protected (MRAP) Vehicle through the LESO 1033 Program. The purpose of this vehicle is that it will be utilized by the Benton County Sheriff's Office for the protection of law enforcement officers and citizens during high risk operations for the safety of persons from threats such as but not limited to potential gunfire. Additional uses of this vehicle will be to assist citizens during natural disaster events to navigate through extreme terrain or to drive through damaged areas to assist citizens affected by such disasters. Scheduled Review Date APPROVED BY PURPOSE: 1. Mine Resistant Ambush Protected Vehicle (MRAP) i. Vehicle designed to transport personnel and/or equipment at the scene of a tactical operation while providing ballistic protection for the occupants. ii. Assigned operators will keep an inventory of all equipment stored in the MRAP and will notify the Team or Assistant Team Leader to replace items as needed due to use. iii. _ Only approved team member(s) will be responsible for driving the MRAP to call- outs and ensuring that it is maintained, well kept, and organized. 2. MRAP Guidelines i. Training requirements: 8-hour basic operator course and 4 hours a year for primary and alternate operators. Operators will also possess a valid Arkansas Class B Commercial Driver s License. ii. Ground guide not required during tactical deployment; recommended under all other conditions. iii. Pre-trip inspection prior to normal operation; may be disregarded under tactical deployment, if monthly check has been performed. Po Page Toh? Effective Date: 8/1/14 Subject; MRAP Number: 411.3 Operations Benton County Sheriff's Office",Standard Operating Procedure,Unknown,MRAP Operations,3 6/1/15 6/1/16 ISSUE DATE | 6/1/15 REVISION The Benton County Sheriff's Office obtained a Mine Resistant Ambush Protect...
RPT_003,"vi. Monthly inspection, to include running the motor while parked for one hour - System check to be performed during weekly inspection to include security. Code III response to any deployment site is not authorize without TTC approval. Parking or storage: when not deployed or at maintenance facility, the MRAP must be parked in an area designated by the commander at the Benton County Sheriff s Office. MAINTENANCE AND STORAGE: Li: The vehicle shall be secured from public access during storage. This can be accomplished minimally by locking doors, turning off all power systems, and/or by storage in a secure building or structure from public. The vehicle will be kept maintained in a safe and sustainable operating condition and will be in a response capable condition at all times. Any conditions identified during inspection and maintenance that may render the vehicle unsafe for use shall require that the vehicle be taken out of service, tagged, and notification made to the SWAT Commander and/or Operations Commander immediately. The vehicle shall not be used until such time that it has been repaired and/or rendered safe to operate. TRAINING AND OPERATION: I Zi, No personnel will be allowed to operate the vehicle without training. The training may be completed by in-service staff instructors, who have completed a train-the-trainer course, or by a contracted company or trained military member who has extensive experience or qualifications with this type of vehicle. Training shall include classroom instruction and a hands on / drivers training components. The training shall at a minimum consist of the following: Overview of the vehicle to include its capabilities and limitations. Characteristics of the vehicle so the operators will have knowledge of its size and weight. Basic Preventative Maintenance Checks & Services (PMCS). Safe operating speeds. Steering, movement and maneuvering. Visibility concerns. Operation of controls and indicators. Ground guide techniques for safe operation. Operation on slopes. Restricted terrain. Rollover hazards and egress procedures. Mount and dismount. Falls, smashed, and pinched extremities. Use of seatbelts. Risks of contact with low hanging objects such as power lines. Page 2 of 2 Subject: MRAP Operations Effective Date: 8/1/14 Number: 411.3 Benton County Sheriff's Office",Police Document,Unknown,MRAP Operations,"TRAINING AND OPERATION: I Zi, No personnel will be allowed to operate the vehicle without training"
RPT_004,"Il. III. ARMORED RESCUE VEHICLE (ARV) OPERATIONS Lesson Plan (2015) Introduction A. B. Capt. Scotty L. Hodges, Benton Police Department 1. Full-time law enforcement officer 2. SWAT Team Captain This 4 hour block of training will consist of class room training, as well as hands on training. Driving and practical skills will be applied. Goals A. Students will become familiar with the basic operations of the ARV. Performance Objectives A. B. The student will be able to identify the Power kill switches. The student will be able to identify the control panel, all gauges and lights, as well as switches. . The student will be able to identify the routine maintenance required. . The student shall be familiar with the passenger capacity, as well as, load weights. . The student shall be familiar with the vehicle operations and limits of its operations. . The student shall be familiar with the vehicle recovery operations and the limits of its recovery abilities.",Lesson Plan,Unknown,MRAP Operations,ARMORED RESCUE VEHICLE (ARV) OPERATIONS Lesson Plan (2015) Introduction A
RPT_005,"Benton Police Department Policy: Effective: 4/24/2015 Date of Origin: 4/24/2015 Armored Rescue Vehicle (ARV) Operations I. Purpose A. This policy provides clear guidelines for the safe and effective deployment of the Benton Police Department s Armored Rescue Vehicle (ARV). Il. Policy A. It shall be the policy of the Benton Police Department to develop and implement a policy that provides guidelines on the manner in which the ARV is deployed and maintained. B. The policy will also contain guidelines that establish a mandated training program for all personnel responsible for the ARV s operational deployment. All department personnel shall recognize and adhere to the guidelines set forth within this policy. Il. Procedures A. ARV Deployment 1. The Benton Police Department s ARV is assigned as a tactical unit to the SWAT team to be utilized in the mitigation of tactical situations requiring its use. More specifically, the ARV is intended to be deployed during tactical situations that require additional protective measures for police officers, who have encountered or might encounter gunfire or other hazardous situations during the performance of their duties. . The Benton Police Department may also deploy the ARV to assist the citizens of our jurisdiction during natural disaster events that require the delivery of police services or rescue measures, to include extreme terrain or high water events. . In the event the ARV is deployed under the tenets of mutual aid, the Benton Police Department will always provide personnel trained to operate the ARV. BNPD personnel shall have the final decision regarding the safe and appropriate use of the ARV. All requests for deployment of the ARV must be approved by the Chief of Police or his designee. B. ARV Operation Ly The Benton Police Department s ARV may only be operated by personnel within the agency having been specifically trained to operate and maneuver the ARV ina safe and effective manner.",Police Document,2015-04-24,MRAP Operations,Benton Police Department Policy: Effective: 4/24/2015 Date of Origin: 4/24/2015 Armored Rescue Vehicle (ARV) Operations ...
RPT_006,"STATE OF ARKANSAS Commission on Law Enforcement Standards and Training GOVERNOR LAW ENFORCEMENT TRAINING ACADEMY _ OFFICE OF LAW ENFORCEMENT STANDARDS DIRECTOR P.O. Box 3106 #4 State Police Plaza Drive KEN JONES Mike BEEBE East Camden, Arkansas 71711 Little Rock, AR 72209 (870) 574-1810 FAX: (870) 574-2706 (501) 682-2260 FAX: (501) 682-1582 July 1, 2014 Corporal Mike Calnan Bentonville Police Department 908 SE 14"" Street Bentonville, AR 72712 Dear Cpl. Calnan, In response to your applications(s) for certification of law enforcement training to be conducted by your agency, the following training course(s) is/are approved by this office: MRAP VEHICLE OPERATOR JULY 18, 2014 2014-1398 ( 8 HOURS) BENTONVILLE POLICE DEPARTMENT Should the curriculum or instructors designated be changed in any way, this office should be notified immediately. Upon completion of the training course, please submit an Attendance Roster (Form F-18). ONLY THE LAST 4 DIGITS OF THE SSN ARE NECESSARY ON THE F-18 Sincerely, BRIAN MARSHALL Deputy Director Office of Law Enforcement Standards By: Susan Miller Administrative Specialist III",Police Document,2014-07-01,MRAP Operations,"Calnan, In response to your applications(s) for certification of law enforcement training to be conducted by your agency..."
RPT_007,"Bryant Police Department 312 Roya Lane Bryant, AR 72022 Phone: (501) 943-0943 Fax: (501) 943-0977 Mark Kizer, Chief of Police James Ray Arkansas LESO, James the Bryant Police department sent 3 senior officers to MRAP training on July 2, 2014 after receiving our MRAP. The training class was put on by Smith Integrated and was a train the trainer class. Since that date those 3 officers conducted a training class and trained 10 more officers with the Bryant Police Department Emergency Response Team. The Bryant Police Department also plans to do refresher training every 6 months. It is the policy of the Bryant Police Department that only trained personnel operate the MRAP that is assigned to the Bryant Police Department. Respectfully, Chief Mark Kizer",1033 Training Proposal,2014-07-02,MRAP Operations,It is the policy of the Bryant Police Department that only trained personnel operate the MRAP that is assigned to the Br...
RPT_008,"CABOT POLICE DEPARTMENT CABOT, ARKANSAS 72023 Mine Resistant Ambush Protected Vehicle (MRAP) This policy is for internal use only and does not enlarge an employee s civil liability in any way. The policy should not be construed as creating a higher duty of care, in an evidentiary sense, with respect to third party civil claims against employees. A violation of this policy, if proven, can only form the basis of a complaint by this department for non-judicial administrative action in accordance with the laws governing employee discipline. Applicable Arkansas Statutes: Date Implemented: I. Purpose: Mine Resistant Ambush Protected Vehicle (MRAP) A vehicle designed to transport personnel and/or equipment to the scene of a tactical operation while providing ballistic protection for the occupants. Additional uses of this vehicle will be to assist the citizens of Cabot during natural disaster events to navigate through extreme terrain or drive over damaged areas to assist citizens affected by such disasters. I. Policy: . An inspection, to include running the motor while parked for one hour, will be quarterly. . A system check and security check will be performed quarterly. . A pre-trip inspection prior to normal operation is required. This may be disregarded under a tactical deployment. . A ground guide (Back-up spotter) is not required during tactical deployment but recommended under all other conditions, including training. . Code Three response to any deployment site is not authorized without the approval of the Chief of Police or his designee. An escort Police Unit will be utilized anytime the MRAP is in use while driving any public roadway. . When not deployed or at a maintenance facility, the MRAP must be parked in an area approved by the Chief of Police or his designee. H. An eight (8) hour basic operator course will be required to operate the MRAP. After the initial operator course is completed, all SORT Members/Operators will be required an additional four (4) hours of annual training. a oOo AW > Q",Police Document,Unknown,MRAP Operations,Purpose: Mine Resistant Ambush Protected Vehicle (MRAP) A vehicle designed to transport personnel and/or equipment to th...
RPT_009,"G. Fire Drill t {O00 SECON ORO) IS Crew announces FIRE! and gives the location; a, Crew Compartment b. Engine Compartment Crew waits for vehicle to stop moving. Crew checks for casualties and uses fire blanket if equipped and/or required Crew secures weapons and gear (if able). Driver turns vehicle off. Vehicle commander notifies Chain of Command of the incident. Crew uses available fire extinguishers to suppress fire. Vehicle commander orders Bail out! and gives direction to the rally point. All personnel exit the vehicle, a head count is completed by the vehicle commander upon exit 10. Crew and personnel meet at designated rally point. Driving Course: The listed driving course is a familiarization with the MRAP and shall be practiced and documented by each operator annually. All documented training on the MRAP will be forwarded to the Team Commander and the Cabot Police Department Training Officer. A. See attached driving/training guidelines that must be completed annually.",Police Document,Unknown,MRAP Operations,All documented training on the MRAP will be forwarded to the Team Commander and the Cabot Police Department Training Off...
RPT_010,"Cabot Police Department Road Course and Training Annual MRAP Certification, Requires a minimum of 4 hour of evaluated driving while completing the following: a. Four (4) left hand turns (OOO Four (4) right hand turns 7000 k. Two (2) straight sections of urban business street or a two lane rural road approximately one (1) mile in length. 00 Three (3) through intersections JJ] Three (3) intersections where a stop has to be made[J[(JU] One (1) railroad crossing O Two (2) left curves 1] Two (2) right curves LIL] One (1) entry and exit on a limited access roadway Oo Two (2) lane changesL_] J . Two (2) passing maneuvers LJ] One (1) downgrade drive L] One (1) upgrade Drive C] One (1) underpass, low clearance or warning sign (actual or simulated) [] Two (2) backing maneuvers, straight and angled oO SEND PAPERWORK.TO TRAINING TO VERIFY ATTENDANCE AND COMPLETION OF OBJECTIVE.",Police Document,Unknown,MRAP Operations,"Cabot Police Department Road Course and Training Annual MRAP Certification, Requires a minimum of 4 hour of evaluated dr..."
RPT_011,"/2403-1 352 Sheriff Marty Boyd mboyd@ tigheadso May 29, 2015 To Whom It May Concern As of the 29"" day of May 2015, the Craighead County Sheriff's Office has implemented a policy of the operation and training of the MRAP vehicle obtained through the LESO/1033 program. The purpose of this vehicle is to be utilized by the Craighead County Special Weapons and Tactics team for the protection of officers during high risk operations for the safety of such officers from potential gunfire while in the performance of their duties. Additional uses of this vehicle will be to assist the citizens of Craighead County during natural disasters events to navigate through extreme terrain or drive over damaged areas to assist citizens affected by such disasters. The policy also has guidelines for the operation and maintenance of the vehicle. It states that no officer will be allowed to operate the vehicle without such training. The training at this time is conducted by a trained deputy with this department who has received training in the use and operation by Smith Integrated Technology M.R.A.P. Logistical Sustainment Group. All training curriculum used in training is derived from the Center for Army Lessons Learned published by Maneuver Center of Excellence at Fort Benning, titled MRAP Observations, Insight, and Lessons and BAE Systems MRAP Instructor Guide. This training will consist of the following: e Overview of the vehicle to include its capabilities and limitations e Characteristics of the vehicle so the operators will have knowledge of its size and weight. e Basic maintenance e Safe operating speed @ Movement and maneuvers e Ground guiding techniques for safe operation in small areas due to limited visibility e Operations on slopes e Restricted terrain Rough terrain driving e Vehicle tip and rollover e Steering and proper maneuvering",1033 Training Proposal,2015-05-29,MRAP Operations,"/2403-1 352 Sheriff Marty Boyd mboyd@ tigheadso May 29, 2015 To Whom It May Concern As of the 29"" day of May 2015, the C..."
RPT_012,"e Falls, smashed and pinched extremities Rollover/egress procedures e Risks and contact with high voltage power lines These items will include classroom portions and a hands on / driver training portion. Capt. Justin Rolland, Asst. Chief Deputy Craighead County Sheriff's Office",Police Document,Unknown,General Law Enforcement,"e Falls, smashed and pinched extremities Rollover/egress procedures e Risks and contact with high voltage power lines Th..."
RPT_013,"Whom it may Concern From: Craighead County Sheriff's Office Date: 29 May 2015 Ref: MRAP The following documentation is intended to document to intended use and training of the Mine Resistatant Ambush Protection Vehicle, which was allocated to the Craighead County Sheriff's office, by the United States Government. The Craighead County Sheriff's Office recognizes this vehicle is the Property of the United Stated government and assigned to this agency, if and when this agency no longer has a need for this vehicle it shall be transferred to another LEA, or returned to the United Stated government. Respectfully, Deputy Randy Sharp Craighead County Sheriff's Office Training Officer LESO Liaison",1033 Training Proposal,2015-05-29,MRAP Operations,To: Whom it may Concern From: Craighead County Sheriff's Office Date: 29 May 2015 Ref: MRAP The following documentation ...
RPT_014,"Crawford County Sheriffs Department P.O, Box 276+ 409 Main Street Van Buren, Arkansas 72956 Tel, (479) 474-2581 Fax (479) 471-3264 Jim Damante Ron Br own Captain Shawn Firestine Chief Deputy : Sheriff oe Captain Brandon Trent To: Program Manager , 1033 Program : Law Enforcement Support Office (LESO) 11 June 2015 DLA Disposition Services 74 Washington Avenue North Battle Creek , M1 49037 Subj: Armored Vehicle (MRAP) y Jurisdiction size including MOU s with surrounding counties is approximately 2729 Square miles. We have MOU s with Sebastian , Franklin , and Washington: counties in Ar.And Sequoyah in Ok . Also with Arkansas State Police . 2. Our county population is 66,000 . Total with MOU s is 418, 710. 3. Our department has 32 full time depution -Our SRT (SWAT) team has 13 members when all slots are filled. 4, We will be using the vehicle for Swat, barricade on hostage rescue, active shooter, natural disasters rescue, High profile Felony warrants , 5. We would like to request (1) MRAP Maxx Pro . . 6. Vehicle will also be used in serving warrants with DEA, We currently have one Deputy working with DEA full time. When 1-49 is completed , this will be a major North-South East-West intersection where large amounts of drug trafficking will be coming through . We have 25 miles of I-40 and 20 miles of I-49 as well as State Hwys 59 and 71going all the way through the county North and South, 7. We currently have no armored vehicles . 8. The vehicle will be kept behind secured and locked fencing with monitored video surveillance or inside locked building with video surveillance and monitored security system. 9. We have the resources to maintain and repair the vehicle through a yearly budget for repair, maintenance, fuel, and oil for a fleet of approximately 50 vehicles. 10. Crawford County has the 2"" largest criminal docket in the state behind Pulaski County .We have also had a shooting in our courthouse in Sept. 2011. 11, We have a HIDTA directly to the north of us (Washington County) and one directly to the west of us (Sequoyah County) both of which have the major Interstates running through them as we do, 12. Cpl. Monty McMillan, CLEET instructor from the Fort Smith Police Department, will provide MRAP Vehicle Operations Training approved by CLEET Standards. This training is directly from CALL (Center for Army Lessons Learned) MRAP handbook. Cp] McMillen will complete this training as soon as possible, after obtaining vehicle. Tez kb lblher. Ron Brown Rick Dahlem (POC for Tactical Vehicle) Sheriff Deputy Crawford County Sheriff's Office Crawford County Sheriff's Office",1033 Training Proposal,2015-06-11,MRAP Operations,"Monty McMillan, CLEET instructor from the Fort Smith Police Department, will provide MRAP Vehicle Operations Training ap..."
RPT_015,"Whom it may Concern From: Crawford County Sheriff's Office Date: January 27, 2015 Ref: MRAP The following documentation is intended to document the intended use and training of the Mine Resistant Ambush Protection Vehicle, which was allocated to the Crawford County Sheriff's Office, by the United States Government. The Crawford County Sheriff's Office recognizes this vehicle is the Property of the United Stated government and assigned to this agency, if and when this agency no longer has a need for this vehicle it shall be transferred to another LEA, or returned to the United Stated government. Respectfully, Deputy Rick Dahlem Swat Coordinator LESO Liaison COURSE: LESSON TITLE:",Lesson Plan,2015-01-27,MRAP Operations,"To: Whom it may Concern From: Crawford County Sheriff's Office Date: January 27, 2015 Ref: MRAP The following documentat..."
RPT_016,"Whom it may Concern From: Fort Smith Police Department Date: January 19, 2015 Ref: MRAP The following documentation is intended to document the intended use and training of the Mine Resistatant Ambush Protection Vehicle, which was allocated to the Fort Smith Police Department, by the United States Government. The Fort Smith Police Department recognizes this vehicle is the Property of the United Stated government and assigned to this agency, if and when this agency no longer has a need for this vehicle it shall be transferred to another LEA, or returned to the United Stated government. Respectfully, Cpl. Monty McMillen Fort Smith Police Department Swat Coordinator/Training Officer LESO Liaison",1033 Training Proposal,2015-01-19,MRAP Operations,"To: Whom it may Concern From: Fort Smith Police Department Date: January 19, 2015 Ref: MRAP The following documentation ..."
RPT_017,"COURSE: LESSON TITLE: CLEET Continuing Education Course Mine Resistant Ambush Protection Vehicle Operations DURATION: TRAINING LEVEL: PREPARED BY: Cpl Monty McMillen 5.0 Hours Swat Team Operators CLEET Instructor Number of Trainees: 16 Date: June 30th, 2014 METHOD OF PRESENTATION: INSTRUCTOR: CLEET Instructor Lecture, Questions & Answers, Visual Presentation APPROVED BY: CLEET Standards Division LEARNING GOAL: The student will become familiar with the basic Operations of the Mine Resistant Ambush Protection Vehicle (MRAP). PERFORMANCE OBJECTIVES: 1. The student will be able to identify the Power Plant and transmission, as presented by the Instructor. 2. The student shall be able to identify the control panel and identify all gauges and lights, as well as, switches, as presented by the Instructor. 3. The student shall be able to identify the routine maintenance required, as presented by the Instructor. 4. The student shall be familiar with the passenger capacity, as well as, load weights, as presented by the Instructor. 5. The student shall be familiar with the Vehicle Operations, as presented by the Instructor. 6. The student shall be familiar with vehicle recovery operations, as presented by the Instructor. 7. The student shall demonstrate proper driving techniques for both highway and off road operations. 8. The student shall demonstrate proper evacuation techniques in case of an accident or other emergency situation. ( completed EGRIS training at FCMTC MRAP roll over simulator) TRAINING AIDS REQUIRED: 1. A/V projector 2. MRAP Training was completed at the FCMTC. Students also received instruction from a retired US Army Master Driver, as well as some additional vehicle maintenance training with current FCMTC Maintenance personnel. Fort Smith Police Department Mine Resistant Ambush Protection Vehicle Primary Purpose: Special Response and Tactics / Operations Search and Rescue",Lesson Plan,Unknown,MRAP Operations,COURSE: LESSON TITLE: CLEET Continuing Education Course Mine Resistant Ambush Protection Vehicle Operations DURATION: TR...
RPT_018,Hot Springs Police Department S.W.A.T. Training Cover Sheet Subject: MRAP Operations Duration of Class: 8 hours Level of Instruction: Basic Target Group: Hot Springs Police Department S.W.A.T. Team Course Prepared by: Ofc. Eric Wacaster Revisions: N/A Date of Instruction: 5/5/15 Location: Hot Springs Airport. 1,Police Document,Unknown,MRAP Operations,Training Cover Sheet Subject: MRAP Operations Duration of Class: 8 hours Level of Instruction: Basic Target Group: Hot S...
RPT_019,"Hot Springs Police Department S.W.A.T. Training Course Summary Sheet Course Title: MRAP Operations Purpose of the Course: To familiarize Hot Springs Police Department SWAT Operators with basic MRAP functions, preventative maintenance, and driving operations of the MRAP. Objectives: At the end of the block of instruction the students will be able to successfully: 1. Identify the Power Plant and transmission, as presented by the Instructor. 2. Identify the control panel and identify all gauges and lights, as well as, switches, as presented by the Instructor. 3. Identify the routine maintenance required, as presented by the Instructor. 4. Demonstrate familiarity with the passenger capacity, as well as load weights, as presented by the Instructor. 5. Demonstrate familiarity with the Vehicle Operations, as presented by the Instructor. 6. Demonstrate familiarity with vehicle recovery operations, as presented by the Instructor. Certification: Eric Wacaster is a police officer and SWAT Team member with the Hot Springs Police Department. He is a certified police and firearms instructor through the Commission on Law Enforcement Standards. He is also a certified Force on Force instructor through General Dynamics. Ofc. Zac Rostan will assist with instruction. Ofc. Rostan is a police officer and SWAT team member with Hot Springs Police Department as well as a staff sergeant in the United States Army Reserve. Ofc. Rostan is a veteran of multiple overseas deployments where he has operated MRAPs in theater. He has also trained multiple other soldiers in the use and operation of MRAPs. 2",Police Document,Unknown,MRAP Operations,Training Course Summary Sheet Course Title: MRAP Operations Purpose of the Course: To familiarize Hot Springs Police Dep...
RPT_020,"Hot Springs Police Department S.W.A.T. Training Course Outline I. Introduction A. General vehicle familiarization and identification 1. Power Plant 2. Transmission 3. Control Panel 4. Lights, switches, and gauges II. Body A. Routine and Preventative Maintenance B. Passenger Capacity and Load Limits C. Vehicle Operations 1. Start up and Shut Down Procedure 2. Driving and Vehicle Clearances 3. Parking 4. Vehicle Recovery III. Conclusion A. Operators will correctly demonstrate all objectives back to the instructor 3",Police Document,Unknown,General Law Enforcement,General vehicle familiarization and identification 1
RPT_021,"STEVE JEFFERY P.O. Box 4236 Tel: 870-793-8838 Sheriff Batesville, Arkansas 72503 Fax: 870-612-6849 eee OE OL EGON 05/21/2015 To: | Whom it May Concern Re: MRAP Vehicle To Whom it May Concern, This letter is to inform you that the Independence County Sheriff's Office has implemented policy for the operation and training of the MRAP vehicle obtained through the LESO/1033 program. The purpose of this vehicle is to be used by the Independence County Sheriff's Office for the protection of officers from potential gunfire during high risk operations and to assist the citizens of Independence County during natural disaster events to navigate through extreme terrain or drive over damaged areas to assist citizens. Only officers who are trained in the operation of the MRAP will be allowed to operate it. Those who are authorized to operate the MRAP vehicle at this time are former United States Military members who have past training and actual field experience driving an MRAP vehicle. Those Officers are: Deputy Johnny Byler Deputy Andrew Rogers During the month of June 2015, other officers will be receiving instruction and training on the operation of the MRAP vehicle, to include topics covered in training material produced by the Center for Army Lessons Learned. The Independence County Sheriff's Office recognizes that the this vehicle is property of the United States Government and assigned to this agency. If and when this agency no longer has a need for this vehicle it shall be transferred back to another LEA, or returned to the United States Government. dG Y J Aa Steve Jeffery Sheriff",1033 Training Proposal,2015-05-21,MRAP Operations,"Box 4236 Tel: 870-793-8838 Sheriff Batesville, Arkansas 72503 Fax: 870-612-6849 eee OE OL EGON 05/21/2015 To: | Whom it ..."
RPT_022,"Whom it may Concern From: Lt. Brett Hibbs Date: January 14, 2015 Ref: MRAP The following documentation is intended to document to intended use and training of the Mine Resistatant Ambush Protection Vehicle, which was allocated to the Jacksonville AR Police Department, by the United States Government. The Jacksonville Police Department recognizes this vehicle is the Property of the United Stated government and assigned to this agency, if and when this agency no longer has a need for this vehicle it shall be transferred to another LEA, or returned to the United Stated government. Respectfully, Lt. Brett Hibbs Jacksonville Police Department AR Special Response Team Commander",Police Document,2015-01-14,MRAP Operations,"Brett Hibbs Date: January 14, 2015 Ref: MRAP The following documentation is intended to document to intended use and tra..."
RPT_023,The Jefferson County Sheriff s Office,Standard Operating Procedure,2015-01-13,MRAP Operations,"Mine Resistant Ambush Protected (MRAP) Vehicle Standard Operating Procedure (SOP) Effective Date: January 13, 2015 Revis..."
RPT_024,"LITTLE ROCK POLICE DEPARTMENT DIVISIONAL OPERATING PROCEDURE AVIATION UNIT DISTRIBUTION: REPLACES: NUMBER: DIVISIONAL NEW 5600-12 DATE: 04/26/2012 I. Purpose A. B. Cc. Dz. The magnitude of demands for police service increases as today s society becomes more mobile and affluent. It becomes more evident that rapid mobility, providing swiftness of response, in all areas of police service is essential. The growing complexity of police work has resulted in an increase in specialization and some modification in the previously accepted concept of patrol duties. The successful implementation of the preventative patrol concept requires adaptation of new techniques to our patrol efforts. The objectives of the program are directly related to the insertion of helicopters into the patrol function. The following examples serve to emphasize the desired objective: 1. Supporting and coordinating patrols and the protection of life and property; 2. Traffic control and surveillance; 3. Crime prevention; 4. Criminal surveillance; 5. Search and rescue; 6. Special surveillance details; 7. Apprehension of offenders; and, 8. Cover for ground elements. The above examples of objectives to be accomplished have one factor in common. Cooperation between ground units and aircraft is essential. The capabilities of the patrol car and aircraft can do much to achieve these goals only when they are used in a coordinated effort to support each other. It is evident, therefore, that the success of this program requires the active support of every member of our Department. Accountability - The Aviation Unit is supervised by the Aviation Unit Sergeant, The Aviation Unit Sergeant is also the Special Events Coordinator who is directly responsible to the Aviation Unit Lieutenant, who is the Special Units Commander. The Aviation Unit Lieutenant is directly responsible to the Headquarters Division Commander. Headquarters Division 5600-12-1 Divisional Operating Procedure",Police Document,2012-04-26,Aviation Unit,LITTLE ROCK POLICE DEPARTMENT DIVISIONAL OPERATING PROCEDURE AVIATION UNIT DISTRIBUTION: REPLACES: NUMBER: DIVISIONAL NE...
RPT_025,"Il. Responsibility A. 10. ll. 12. Headquarters Division The Aviation Unit observers are supervised by the Aviation Unit Sergeant. The Aviation Unit Sergeant will be available as needed on a part-time basis unless special mission assignment details his/her additional presence. The Aviation Unit s hours of assignment will be varied according to the needs of the Department. In the event that an observer or alternate is not available for duty for any reason, the Aviation Unit Sergeant will amend his/her hours to man the shift. Aviation Unit Sergeant Responsibilities Be familiar with and obey all General Orders, Directives, and Rules and Regulations of the Little Rock Police Department, Coordinate and formulate plans for the operation of the Unit s aircraft and related activity; Keep the Aviation Unit Lieutenant informed of all operational phases of the Aviation Unit; Acquaint all personnel under his supervision with such orders, directives, and policies requiring compliance; Be aware of the training needs of the members of the Unit and ensure that the necessary training is provided; Closely evaluate personnel assigned to the Unit during their training, in accordance with existing procedures; Assume the responsibility for the supervision of all assigned duties to ensure the efficient and proper performance of such duties; Develop and implement a public relations program that will tend to achieve public acceptance and approval of the Departmental use of the aircraft; Ensure that required reports are properly submitted by himself and members of the Aviation Unit; Establish and maintain an effective relationship with the FAA; Assist in the formulation of plans for the operation of the Aviation Unit; Maintain schedules and supervise activity of the part-time observers, pilots and mechanic assigned to the Unit. 5600-12-2 Divisional Operating Procedure",Police Document,Unknown,Aviation Unit,"Aviation Unit Sergeant Responsibilities Be familiar with and obey all General Orders, Directives, and Rules and Regulati..."
RPT_026,"13. Oversee the LESO 10-33 program in which government property may be obtained for the police department. a) Supervise and ensure the quarterly inventories of items obtained from the 10-33 program are conducted and maintained pursuant to Departmental guidelines regarding records retention. 14. The Aviation Unit Sergeant will ensure that all flight and maintenance operations of the unit are maintained in accordance with the current Federal Aviation regulations and manufacturers requirements. He/she will ensure that all pilot and medical certificates required by the Department and the Federal Aviation Administration (FAA) are maintained in accordance to established regulations and guidelines. B. Observer Responsibilities 1, General a) The part-time observers are assigned to the Headquarters Division for operational purposes and report to the Aviation Unit Sergeant. b) Prepare and submit written reports, as required, by proper authority. 2. Function a) Ascertain operational assignments and coordinate _ this information with the pilot. b) Become knowledgeable with available information concerning any assigned flight. c) Assure that all necessary auxiliary equipment is operational and properly stowed on board the aircraft. d) Be alert for any condition that could affect the safe operation of the aircraft. e) Ensure that all police communications equipment is operational. 3. Observer In-Flight Responsibilities Headquarters Division a) Be alert for aircraft, obstructions, or unsafe conditions, which may affect the safe operation of the aircraft. b) Comply with the directions from the pilot on any matter pertaining to the safe operation of the aircraft. c) Operate auxiliary equipment as required. (1) Required equipment: An operable fire extinguisher, first aid kit and emergency locator transmitter (ELT) shall be kept in each aircraft at all times while the aircraft is being used. 5600-12-3 Divisional Operating Procedure",1033 Training Proposal,Unknown,Aviation Unit,"Observer Responsibilities 1, General a) The part-time observers are assigned to the Headquarters Division for operationa..."
RPT_027,An Officer s Report,Police Document,Unknown,General Law Enforcement,"The pilot will be responsive to the requests of the observer in order to accomplish the police mission; however, the pil..."
RPT_028,the Office of the Chief of Police,Police Document,Unknown,Aviation Unit,"The pilot is responsible for conducting the briefing, which should include the following: (1) Proper wearing of seat bel..."
RPT_029,Departmental,Police Document,Unknown,Aviation Unit,"c) For safety purposes, every reasonable attempt should be made to IIL"
RPT_030,"(1) The Headquarters Division Commander or in his absence, the Section Commander, may approve requests for aircraft service in cities contiguous to Little Rock. (2) Requests should be limited to police emergencies and extended car chases. A police emergency is defined as an on-going, life threatening situation, where the aircraft can be of definite, positive assistance. b) Non-Contiguous Cities - Requests for aircraft service in non- contiguous cities must be approved by the Division Commander or Bureau Commander unless an emergency situation exists. c) The Aviation Unit Lieutenant and the Aviation Unit Sergeant will be notified as soon as possible of any newsworthy or sensational incidents involving the aircraft s use outside the City Limits of Little Rock. d) At no time will a request for aircraft service outside the City of Little Rock be approved if the aircraft is needed within the City. IV. Local Flying Regulations A. General 1, Purpose - The purpose of this section is to provide information and guidance, prescribe general policies to all Police Department personnel utilizing the facilities at Airports, and further establish local flying regulations for all flights by Police Department personnel within the City of Little Rock. 2. Scope a) Policies and procedures contained in this section are directive in nature and supplement existing directives of the Department and Federal Air Regulations. b) Additions, deletions, and amendments will be published as required. Recommendations for revisions should be submitted to the Headquarters Division Commander. c) Violations or deviations from these regulations, including forced landings, must be reported to the Headquarters Division Commander. B. Flight Regulations 1. Aircraft Clearances - Flights conducted under a local flight clearance are subject to the following restrictions: a) Must adhere to Visual Flight Rules (VFR) at all times; Headquarters Division 5600-12-11 Divisional Operating Procedure",Standard Operating Procedure,Unknown,Aviation Unit,"(1) The Headquarters Division Commander or in his absence, the Section Commander, may approve requests for aircraft serv..."
RPT_031,Police Aviation Unit,Police Document,Unknown,Aviation Unit,Pilots and observers assigned to the Unit will assist him with any or all of his duties as may be required to fulfill th...
RPT_032,"K. Miscellaneous 1. No officer will fire any weapon from the aircraft. 2. Doors may be removed from the aircraft only with an Aviation Unit s supervisor s approval. If removal for an emergency reason should become necessary, the Quick Release Pin should remain with the door. Proper care should be taken in removing and placing the doors in a secured area to prevent any damage. Appropriate airspeed limitations will be complied with. Vv. Procedures for Radio Service Calls A. Aviation Unit personnel shall respond to all requests for service made by members of the Police Department. B. When on regular patrol, Aviation Unit personnel will respond to any call where the aircraft can be of use to the officers on the ground or assist in the arrest of a suspect. Cc. Effective communications is essential with the officers on the ground. VI. Reports A. Shift Summary Reports are due daily as needed upon mission activity or an emergency call-out basis detailing the flight(s), specific activity conducted, etc... Vil. Annual Review A. The Sergeant of the Aviation Unit will do an annual review of the Unit. B. The Annual Report is due in December with the other end of the year reports for the Headquarters Division. c. An assessment will be made to determine the effectiveness of the program and the need for additional Aviation Unit personnel. Headquarters Division 5600-12-17 Divisional Operating Procedure",Police Document,Unknown,Aviation Unit,Aviation Unit personnel shall respond to all requests for service made by members of the Police Department
RPT_033,"NY City of Little Rock Police Department 700 West Markham Little Rock, Arkansas 72201-1329 MEMORANDUM TO: Capt. Robertson FROM: Lt. T. Calhoun #14461 RE: MRAP Training DATE: June 17, 2014 The Department recently acquired two Mine Resistant Ambush Protected (MRAP) vehicles. The operator training, which will train officers as operators and enable them to train other operators, is scheduled for July 1"" and 2 at our Training Division. The training is a one-day 10-hr. course that costs $175.00 per participant. Lt. Jackson has requested one slot for the Special Response Unit and Fleet Services has requested one slot for a mechanic. I request authorization to send Ofc. A. Metcalf (#21333 a Department Defensive Driving Instructor) and S. Young (#31041 has MRAP experience from the military) from the SWAT Unit to this training course. . Lt. Jackson requested that Sgt. J. Plunkett (#18783) from the SRU attend the course and Mr. Walter Ederle (Fleet Services Operations Manager) will advise of a mechanic who will be designated to perform service work on the vehicles. Total cost of the training would be $700.00. Macef Fares, wu aA cal geheclle our Led \s \nvsh We deve teeing cle. fes au ' Sclectect sesso 48 etlend one ut dese cletes - Olnes agencies tre \ ' toe ches ~ recently yttetued a MeAP GL Yeceroe reinoy. ous these two od \ Petommend Cpprouc Capt Adah G. 18 zor paper Aa lo 'FOAY Chen 23 nm",Memorandum,2014-06-17,MRAP Operations,"Calhoun #14461 RE: MRAP Training DATE: June 17, 2014 The Department recently acquired two Mine Resistant Ambush Protecte..."
RPT_034,"LAW ENFORCEMENT AGENCY (LEA) AIRCRAFT REQUEST popaAac; 2YTGUC AGENCY NAME: LITTLE ROCK POLICE DEPARTMENT AIRCRAFT poc: LT. NATHAN TACKETT ADDRESS (No P.O. Box): 700 W. MARKHAM STREET cry; LITTLE ROCK STATE: AR zip; 72201 EMAIL; Mtackett@littlerock.org PHONE: (501) 918-5203 PAX: (501) 918-5125 1, Type of Aircraft Requested:___X_Rotary Fixed Wing a. If rotary, specific model: OH-58 [_Jou-s [Junin [Jun i [| UHIN [] Other; TH-67 b. If fixed wing, specific model: cx ] C172 ] cisa[_] Other: c. If something other than marked/stated above comes available, would you like to be offered it? __ Yes ~ SC No Thank You 2. Number of Aircraft Requested: 2 Flyable 0 Non-Flyable Geographic Responsibility (Square Miles Covered): 110 Is the LEA in a High Intensity Drug Trafficking Area (HIDTA): Yes Ovo Verify at: http://www. whitehousedrugpolicy.gowhidta Anticipated Annual Flight Hours: 1000-2000 Number/Type of 1208/1033 Aircraft Currently on Inventory: 2/ OH-58 a The Chief Executive Official/Head of Agency (Local Field Office), by signing, certifies that the requesting agency listed above has the appropriate funds, personnel (qualified pilots and maintainers), hanger/apron space, and equipment to operate and maintain the requested aircraft. It is also understood that this agency will not sell, trade, or cannibalize for parts, aircraft acquired through the 1033 Program. They certify that all information contained above is accurate and the request for aircraft is warranted and has been approved CHIEF EXECUTIVE OFFICIAL/: CHIEF KENTON BUCKNER DATE: 92/17/2015 HEAD OF LOCAL AGENCY PRINTED NAMIa Lo . le ey: SIGNATURE STATE COORDINATOR: me i mes Ra, { DATE:_2-179-)S (NOT REQUIRED FOR FEDERAL) PRINTED )jAME SI RE LESO USE ONLY LESO OFFICIAL: PRINTED NAME SIGNATURE DATE LEA WAS ADDED TO THE NATIONAL PRIORITY LIST: LESO NOTES: DISAPPROVED BY LESO:[_] REASON:",Aircraft Request,92/17/2015,Aviation Unit,gowhidta Anticipated Annual Flight Hours: 1000-2000 Number/Type of 1208/1033 Aircraft Currently on Inventory: 2/ OH-58 a...
RPT_035,"LAW ENFORCEMENT AGENCY (LEA) AIRCRAFT REQUEST povaac:2 TGUC ___acency nap, LITTLE ROCK POLICE DEPARTMENT AIRCRAFT poc: LT. NATHAN TACKETT ADDRESS (No P.O. Box): 700 W. MARKHAM STREET erry: LITTLEROCK gta, ARKANSAS ZIP: 72201 EMAIL; _ Mtackett@littlerock.org PHONE: 501-918-5203 [ROTARY [FIXED OTHER, THT Cd [quantity If something other than marked/stated above comes available, would you like to be offered it? Yes 7 We rthnnk ou ****NOTE: The Aircraft justification letter, Safety Standards/Training Plan, and copies of pilot s license must accompany this aircraft request Fax: 901-918-5125 The Chief Executive Official/Head of Agency (Local Field Office), by signing, certifies that the requesting agency listed above has the Appropriate funds, personnel (qualified pilots and maintainers), hanger/apron space, and equipment to operate and maintain the requested aircraft. [tis also understood that this agency will not sell, trade, or cannibalize for parts, aircraft acquired through the 1033 Program. They certify that all information contained above is accurate and the request for aircraftis warranted and has been approved CHIEF EXECUTIVE OFFICIAL/: CHIEF KENTON BUCKNER pare; 92-17-2015 HEAD OF LOCAL AGENCY en biel Ue J (7 b SIGNATURE | STATE COORDINATOR: SS DATE: 2-)7-)S_ (NOT REQUIRED FOR FEDERAL) PRINTED NAME ana eh kk LESO USE ONLY Ce ee LESO OFFICIAL: PRINTED NAME SIGNATURE DATE LEA WAS ADDED TO THE NATIONAL PRIORITY LISTING: LESONOTES: DISAPPROVED BY LESO:",Aircraft Request,92-17-2015,Aviation Unit,"org PHONE: 501-918-5203 [ROTARY [FIXED OTHER, THT Cd [quantity If something other than marked/stated above comes availab..."
RPT_036,"LITTLE ROCK POLICE DEPARTMENT 700 WEST MARKHAM LI ie Manion Buckie TTLE ROCK, ARKANSAS 72201-1329 (501)-371-4605 Chief of Police Fax (501)-371-4892 February 19, 2015 Program Manager, 1033 Program Law Enforcement Support Office (LESO) DLA Disposition Services 74 Washington Avenue North Battle Creek, MI 49037 1. The Little Rock Police Department currently employees over 500 sworn officers. 2. The Aviation Unit currently supports our narcotic division, SWAT Team, and our Patrol Operations, The Aviation Unit is available to support and coordinate patrols and protect life and property, traffic control and surveillance, crime prevention, criminal surveillance, search and rescue, special surveillance details, apprehension of offenders and cover for ground elements. 3. The LRPD also maintains mutual aid response agreements with the other surrounding law enforcement agencies and cities to include: the City of North Little Rock, 44.8 square miles, census population of 62,304, the City of Cammack Village, .3 square miles, census population of 768, the City of Maumelle, 8.8 square miles, census population of 17,163, City of Sherwood, 20,6 square miles, census population of 29,523, City of Jacksonville, 28.1 square miles, census population of 28,364, City of Alexander, 2.2 square miles, census population of 2,901, the unincorporated areas of Pulaski County, 549.82 square miles, census population of 48,201. The Little Rock Police Department also maintains cooperative/mutual aid response assistance with the Arkansas State Police, the Arkansas State Capitol Police, the University of Arkansas Medical Science Hospital Police (UAMS), the University of Little Rock Police (UALR), Central Arkansas Veterans Hospital Police and the Pulaski Technical College Public Safety Department (PTC). The LRPD is also posed to respond to assist the law enforcement agencies located in the contiguous counties of Faulkner, Lonoke, Saline, Perry, Grant, and Jefferson. 4. High Intensity Drug Trafficking Area/HIDTA? The Little Rock Police Department is a member of the Gulf Coast HIDTA. 5. The Little Rock Police Department partners with Federal Agencies via task forces participation with FBI, DEA, U.S. Marshalls, and ATF. The City of Little Rock, which is LRPD is Internationally Accredited by the Commission on Accreditation for Law Enforcement Agencies The Little Rock Police Department is an equal opportunity employer",1033 Training Proposal,2015-02-19,Aviation Unit,"LITTLE ROCK POLICE DEPARTMENT 700 WEST MARKHAM LI ie Manion Buckie TTLE ROCK, ARKANSAS 72201-1329 (501)-371-4605 Chief o..."
RPT_037,"9. the state capitol of Arkansas, encompasses 116 square miles and has a census population of 193,525 in Pulaski County. . Geographic Responsibility? The Little Rock Police Department partners with Federal Agencies via task forces participation with FBI, DEA, U.S. Marshalls, and ATF. The City of Little Rock, which is the state capitol of Arkansas, encompasses 116 square miles and has a census population of 193,525 in Pulaski County. The Little Rock Police Department currently has a hanger facility that is secured by two gates and its buildings are alarmed. The hangers are capable of housing five aircraft. The Little Rock Police Department currently has a Department Operation Procedure for the use of the Helicopters. (See attached documents) The Little Rock Police Department currently has two OH-58 helicopters. 10. We are requesting two TH-67 aircraft. 11; Fiscal wherewithal? The Little Rock Police Department will assume the responsibility of maintaining the physical maintenance and upkeep of the helicopters to ensure their operational readiness. 12. The Little Rock Police Department has three (3) certified pilots that are currently license 13. to fly the current aircraft and the requested aircraft. (See attached Pilots license.) The anticipated number of hours flown per year is 100. 14, Special considerations? The City of Little Rock is the state capitol for the State of Arkansas and has the majority of the approximately 70,000 of the state employees and central offices for their agencies and approximately 20,000 of the Federal employees to include the Eastern and Western Districts of the United States Federal Courts, the Bill and Hillary Clinton National Airport, the William Jefferson Clinton Presidential Library and the largest number of level 1 trauma centers and hospitals, which are the UAMS, Baptist Medical Center, St. Vincent s Infirmary, McClellan VA Hospital and Arkansas Children s Hospital. . I certify that our appropriate Local Governmental administration has approved of this allocation for the two TH-67 aircraft. Kenton Buckner Chief of Police Little Rock Police Department LRPD is Internationally Accredited by the Commission on Accreditation for Law Enforcement Agencies The Little Rock Police Department is an equal opportunity employer",Police Document,Unknown,Aviation Unit,to fly the current aircraft and the requested aircraft
RPT_038,County Sheriff s Office,1033 Training Proposal,2015-12-01,MRAP Operations,"ent to intended use and training of the Mine ResistaCnotu Anmtyb Suhsehr Pifrf ost Oecftfiicon Vehicle, which was alloca..."
RPT_039,"County of Mississippi State of Arkansas SHERIFF S DEPARTMENT 685 North CR599 Luxora, Arkansas 72358 870-762-2243 FAX 870-658-2510 Mission #1 is to Protect and Serve AUBRY D. COOK SHERIFF December 17, 2014 The Mississippi County Sheriff's Department has received a Mine Resistant Ambush Protected Vehicle (MRAP) via the LESO 1033 program. The MRAP will be utilized by the Special Response team of the Mississippi County Sheriff's Department for the protection of its officers during high risk operations where such officers may be subjected to gunfire while in the performance of their duties. The vehicle will also be utilized for other purposes such as significant weather events and natural disasters where the off road capabilities of the vehicle can be utilized to assist the citizens of Mississippi County during such disasters. The vehicle may also be used in public relations events to allow the public to observe the capabilities of the vehicle. The Mississippi County Sheriff's Department has also implemented guidelines and training for the operation and maintenance of the vehicle. No officer will be allowed be allowed to operate the vehicle until he or she has completed a training course derived from military technical manuals and training materials and manufacturers manuals and training materials on the operation and maintenance of the vehicle. Training topics are included but not limited to the following: e An overview of the vehicle s capabilities and limitations. e Characteristics of the vehicle so that operators have knowledge of its size and weight. e Basic Maintenance Safe operation speeds and steering maneuvers e Use of Ground guides due to limited visibility e Operation on slopes e Rough terrain driving e Vehicle tip and rollover hazards e Falls, smashed and pinched extremities. e Rollover and Egress procedures. e Use of Seatbelts * Overhead obstacles such as risks of contact with overhead power lines.",1033 Training Proposal,2014-12-17,MRAP Operations,The Mississippi County Sheriff's Department has also implemented guidelines and training for the operation and maintenan...
RPT_040,"Pulaski County Office of the Sheriff Doc Holladay, Sheriff 2900 S. Woodrow St., Little Rock, AR 72204 Tel: (501) 340-6600 Fax: (501) 340-7080 June 8, 2015 Mr. James Ray, Law Enforcement Support Office RE: MRAP James: As of 6/1/15, the Pulaski County Sheriff's Office (PCSO) has implemented a policy for the operation and training of the Mine-Resistant Ambush Protected (MRAP) vehicle obtained from the Law Enforcement Support Office (LESO). The purpose of the vehicle is for use by the PCSO Special Weapons and Tactics (SWAT) Team in the protection of personnel during high risk operations by providing safe cover from potential gunfire while in the performance of their duties. Additional uses of this vehicle are to assist the citizens of Pulaski County during natural disaster events to navigate through extreme terrain or traverse over damaged areas when aiding citizens affected by such disasters. The policy contains guidelines for the operation and maintenance of the vehicle, based upon curriculum used in training established by the Center for Army Lessons Learned and published by the Combined Arms Center at Fort Leavenworth, Kansas, titled MRAP Vehicle Tactics, Techniques ai and Procedures. The training will consist of the following: 1. Overview of the vehicle to include capabilities and limitations. 2. Vehicle characteristics. 3. Maintenance. 4. Safe operating speeds. 5. Vehicle steering, movement and proper maneuvering. 6. Ground guiding techniques due to limited visibility. 7. Operations of slopes. 8. Restricted terrain. 9. Rough terrain driving. 10. Vehicle tip over and roll-over, to include egress procedures. This training will include both classroom and practical hands-on exercises. Sincerely, Doc Holladay > Pulaski County Sheriff DH:so ce: File",1033 Training Proposal,2015-06-08,MRAP Operations,"James Ray, Law Enforcement Support Office RE: MRAP James: As of 6/1/15, the Pulaski County Sheriff's Office (PCSO) has i..."
RPT_041,"MIKE MCGOUGH \ 250 AMERICAN ROAD SHERIFF EL DORADO, ARKANSAS 71730 BILL HICKMAN PHONE 870-864-1970 CHIEF DEPUTY Fax 870-864-1992 June 1, 2015 Re: Mine Resistant Ambush Protected (MRAP) Vehicle To Whom It May Concern: The Union County Sheriff's Office has implemented a policy for the operation and training of the MRAP vehicle obtained through the LESO/1033 program. The purpose of this vehicle is to be used by the Union County Sheriff's Office Special Response Team for the protection of officers during high risk operations for the safety of such officers from potential gunfire while in the performance of their duties. Additional use of the MRAP will be to assist the citizens of Union County during natural disaster events to navigate through extreme terrain or to drive over damaged areas to assist the citizens who are affected from the disasters. The policy has guidelines for the operation and maintenance of the vehicle. It states no officer will be allowed to operate the MRAP without any training. The training will be conducted by a trained military member who has extensive training in use and operation by the United States Army and also has used the MRAP during deployments. All training curriculum used in training is derived from the Center for Army Lessons Learned published by the Combined Arms Center. The training will consist of the following: -Overview of the vehicle to include its capabilities and limitations -Characteristics of the vehicle so the operator will know the size and weight -Basic maintenance -Safe operating speeds -Movement and maneuver -Ground guiding techniques for safe operation in small areas due to limited visibility -Operation on slopes -Restricted terrain -Rough terrain driving",1033 Training Proposal,2015-06-01,MRAP Operations,"MIKE MCGOUGH \ 250 AMERICAN ROAD SHERIFF EL DORADO, ARKANSAS 71730 BILL HICKMAN PHONE 870-864-1970 CHIEF DEPUTY Fax 870-..."
RPT_042,"-Vehicle tip and rollover -Steering and proper maneuvering -Falls, smashed and pinched extremities -Rollover/Egress procedures -Use of seatbelts -Risk and contact with high voltage power lines These items will include a classroom portion hands on drivers portion. } ~ Uke ter Sheriff Mike McGou Union County Sheriff's Office",Police Document,Unknown,General Law Enforcement,"-Vehicle tip and rollover -Steering and proper maneuvering -Falls, smashed and pinched extremities -Rollover/Egress proc..."
