Image_ID,Scene_Type,Objects_Detected,Bounding_Boxes,Text_Extracted,Confidence
IMG_001,Fire Scene,fire,1 fire region,\ ada,0.82
IMG_002,Fire Scene,fire,1 fire region,Fin; i 1; vera,0.74
IMG_003,Fire Scene,fire,1 fire region,None,0.93
IMG_004,Fire Scene,fire,1 fire region,‘als; _ a,0.94
IMG_005,Fire Scene,fire,1 fire region,None,0.88
IMG_006,Fire Scene,fire,1 fire region,‘atl; CTH Al,0.95
IMG_007,Fire Scene,fire,1 fire region,None,0.92
IMG_008,Fire Scene,fire,1 fire region,nie,0.85
IMG_009,Fire Scene,fire,1 fire region,Paes; i oo; ee i,0.88
IMG_010,Fire Scene,fire,1 fire region,nee; aap; Smal,0.88
IMG_011,Fire Scene,fire,1 fire region,ee |; ors,0.85
IMG_012,Fire Scene,fire,1 fire region,FAN,0.61
IMG_013,Fire Scene,fire,1 fire region,. Pah; ey]; Bis,0.9
IMG_014,Fire Scene,fire,1 fire region,[ee; EEE,0.89
IMG_015,Fire Scene,fire,1 fire region,‘wi; cat; = eel = =,0.89
IMG_016,Fire Scene,fire,1 fire region,>See.,0.91
IMG_017,Fire Scene,fire,1 fire region,etl; ial,0.9
IMG_018,Fire Scene,fire,1 fire region,"ee,",0.91
IMG_019,Fire Scene,fire,1 fire region,2 gy,0.89
IMG_020,Fire Scene,fire,1 fire region,"¥ ct; 4, “hy",0.83
IMG_021,Fire Scene,fire,1 fire region,SMSC UCERE UME); “ae,0.82
IMG_022,Fire Scene,fire,1 fire region,None,0.9
IMG_023,Fire Scene,fire,1 fire region,Te.,0.89
IMG_024,Fire Scene,fire,1 fire region,"Ti, |",0.88
IMG_025,Fire Scene,fire,1 fire region,LETH,0.83
IMG_026,Fire Scene,fire,1 fire region,None,0.83
IMG_027,Fire Scene,fire,1 fire region,* A; ee |; er ees oe,0.82
IMG_028,Fire Scene,fire,1 fire region,eel; Pi seeatheee tail ares,0.79
IMG_029,Fire Scene,fire,1 fire region,nat got OE Te; ane; Smee ot ae,0.87
IMG_030,Fire Scene,fire,1 fire region,None,0.84
IMG_031,Fire Scene,fire,1 fire region,Od -,0.88
IMG_032,Fire Scene,fire,1 fire region,F mle); ay be; cad,0.9
IMG_033,Fire Scene,fire,1 fire region,"i eal ,",0.86
IMG_034,Fire Scene,fire,1 fire region,None,0.86
IMG_035,Fire Scene,fire,1 fire region,a 1,0.87
IMG_036,Fire Scene,fire,1 fire region,ih iete,0.86
IMG_037,Fire Scene,fire,1 fire region,None,0.87
IMG_038,Fire Scene,fire,1 fire region,None,0.85
IMG_039,Fire Scene,fire,1 fire region,—s——~e,0.85
IMG_040,Fire Scene,fire,1 fire region,‘ii,0.83
IMG_041,Fire Scene,fire,1 fire region,Lge,0.54
IMG_042,Fire Scene,fire,1 fire region,None,0.84
IMG_043,Fire Scene,fire,1 fire region,Sal; een eee,0.85
IMG_044,Fire Scene,fire,1 fire region,None,0.86
IMG_045,Fire Scene,fire,1 fire region,None,0.86
IMG_046,Fire Scene,fire,1 fire region,None,0.82
IMG_047,Fire Scene,fire,1 fire region,None,0.83
IMG_048,Fire Scene,fire,1 fire region,None,0.88
IMG_049,Fire Scene,fire,1 fire region,None,0.91
IMG_050,General Incident,None,None,None,0.0
IMG_051,Fire Scene,fire,1 fire region,None,0.93
IMG_052,Fire Scene,fire,1 fire region,None,0.93
IMG_053,Fire Scene,fire,1 fire region,| —a,0.9
IMG_054,Fire Scene,fire,1 fire region,way,0.9
IMG_055,Fire Scene,fire,1 fire region,None,0.9
IMG_056,Fire Scene,fire,1 fire region,ap Y; | eF; lity,0.86
IMG_057,Fire Scene,fire,1 fire region,ca |; ii 7; Pera,0.89
IMG_058,Fire Scene,fire,1 fire region,ree; era; Sele,0.9
IMG_059,Fire Scene,fire,1 fire region,Nt |; Me rT; =k.,0.88
IMG_060,Fire Scene,fire,1 fire region,it a. lil; a >; BR),0.84
IMG_061,Fire Scene,fire,1 fire region,yp. oy; Con; haat,0.94
IMG_062,Fire Scene,fire,1 fire region,even; Thee,0.91
IMG_063,Fire Scene,fire,1 fire region,ie §; ‘a.; at),0.93
IMG_064,Fire Scene,fire,1 fire region,he ‘9; an |; ai |,0.86
IMG_065,Fire Scene,fire,1 fire region,None,0.78
IMG_066,Fire Scene,fire,1 fire region,y) f; Sa ae,0.92
IMG_067,Fire Scene,fire,1 fire region,A vy; ee.; : nr} Ib,0.85
IMG_068,Fire Scene,fire,1 fire region,None,0.85
IMG_069,Fire Scene,fire,1 fire region,aoe,0.88
IMG_070,Fire Scene,fire,1 fire region,43 |,0.9
IMG_071,Fire Scene,fire,1 fire region,Sao; + de; ober F,0.9
IMG_072,Fire Scene,fire,1 fire region,aga; Dab; rae,0.92
IMG_073,Fire Scene,fire,1 fire region,wii; had; 7 F a,0.91
IMG_074,Fire Scene,fire,1 fire region,’ a; ‘271; ’ B.),0.9
IMG_075,Fire Scene,fire,1 fire region,ual; “ha,0.8
IMG_076,Fire Scene,fire,1 fire region,we +,0.95
IMG_077,Fire Scene,fire,1 fire region,i %; pata; Wen,0.85
IMG_078,Fire Scene,fire,1 fire region,fT]; Nh ea er; user:,0.83
IMG_079,Fire Scene,fire,1 fire region,awe,0.82
IMG_080,Fire Scene,fire,1 fire region,ats,0.83
IMG_081,Fire Scene,fire,1 fire region,Nod; a |); Bil),0.82
IMG_082,Fire Scene,fire,1 fire region,nrg,0.88
IMG_083,Fire Scene,fire,1 fire region,hen,0.94
IMG_084,Fire Scene,fire,1 fire region,Le}; ce ff; nlf,0.85
IMG_085,Fire Scene,fire,1 fire region,Ue Be,0.86
IMG_086,Fire Scene,fire,1 fire region,! by,0.88
IMG_087,Fire Scene,fire,1 fire region,None,0.92
IMG_088,Fire Scene,fire,1 fire region,None,0.9
IMG_089,Fire Scene,fire,1 fire region,None,0.9
IMG_090,Fire Scene,fire,1 fire region,par; A a); beg,0.9
IMG_091,Fire Scene,fire,1 fire region,Vie gt by; AT Py; vie,0.85
IMG_092,Fire Scene,fire,1 fire region,None,0.85
IMG_093,Fire Scene,fire,1 fire region,pet; Ses; Pra,0.89
IMG_094,Fire Scene,fire,1 fire region,None,0.9
IMG_095,Fire Scene,fire,1 fire region,ee. &,0.9
IMG_096,Fire Scene,fire,1 fire region,il?,0.85
IMG_097,Fire Scene,fire,1 fire region,Phe; eae Pr,0.94
IMG_098,Fire Scene,fire,1 fire region,J gy; Lhe,0.87
IMG_099,Fire Scene,fire,1 fire region,ie es,0.9
IMG_100,Fire Scene,fire,1 fire region,None,0.82
IMG_101,Fire Scene,fire,1 fire region,None,0.88
IMG_102,Fire Scene,fire,1 fire region,ota; . 3; Lee,0.91
IMG_103,Fire Scene,fire,1 fire region,"a eee nae at; Fa,; tidy",0.88
IMG_104,Fire Scene,fire,1 fire region,pate,0.83
IMG_105,Fire Scene,fire,1 fire region,None,0.93
IMG_106,Fire Scene,fire,1 fire region,None,0.9
IMG_107,Fire Scene,fire,1 fire region,None,0.85
IMG_108,Fire Scene,fire,1 fire region,None,0.92
IMG_109,Fire Scene,fire,1 fire region,(Py; eo); Dea ts,0.94
IMG_110,Fire Scene,fire,1 fire region,ay |; Cae Ty,0.85
IMG_111,Fire Scene,fire,1 fire region,None,0.9
IMG_112,Fire Scene,fire,1 fire region,11:03,0.84
IMG_113,Fire Scene,fire,1 fire region,“ay; Lod; eal,0.94
IMG_114,Fire Scene,fire,1 fire region,oo ay; hil; 5 eG),0.9
IMG_115,Fire Scene,fire,1 fire region,ide,0.78
IMG_116,Fire Scene,fire,1 fire region,ie 2,0.85
IMG_117,Fire Scene,fire,1 fire region,a |,0.87
IMG_118,Fire Scene,fire,1 fire region,rhs,0.9
IMG_119,Fire Scene,fire,1 fire region,sb m; Ted,0.89
IMG_120,Fire Scene,fire,1 fire region,= 4; Tit; av ca ed,0.89
IMG_121,Fire Scene,fire,1 fire region,ta |,0.86
IMG_122,Fire Scene,fire,2 fire regions,Pal,0.89
IMG_123,Fire Scene,fire,1 fire region,None,0.92
IMG_124,Fire Scene,fire,1 fire region,"rt.; p, |; 1S E",0.87
IMG_125,Fire Scene,fire,1 fire region,ere,0.89
IMG_126,Fire Scene,fire,1 fire region,4 t; AY.,0.88
IMG_127,Fire Scene,fire,1 fire region,"wie; obit,",0.83
IMG_128,Fire Scene,fire,1 fire region,che x; mal; 4 Pe,0.8
IMG_129,Fire Scene,fire,1 fire region,bee |,0.87
IMG_130,Fire Scene,fire,1 fire region,hes; a i; Pai,0.88
IMG_131,Fire Scene,fire,1 fire region,"en,; cea; aes",0.91
IMG_132,Fire Scene,fire,1 fire region,ms |; at. a,0.89
IMG_133,Fire Scene,fire,1 fire region,"we,; ‘it",0.88
IMG_134,Fire Scene,fire,1 fire region,1 la; Ot eae; a te,0.84
IMG_135,Fire Scene,fire,1 fire region,ell; 1):; Pia,0.89
IMG_136,Fire Scene,fire,1 fire region,None,0.93
IMG_137,General Incident,None,None,TT.; Cy WY * a,0.0
IMG_138,Fire Scene,fire,1 fire region,? Md; ae Lad; ARM,0.88
IMG_139,Fire Scene,fire,1 fire region,"""el; al es; Aa]",0.86
IMG_140,Fire Scene,fire,1 fire region,8 |; nie; et |,0.87
IMG_141,Fire Scene,fire,1 fire region,None,0.91
IMG_142,Fire Scene,fire,1 fire region,ae]; neat; Bal,0.84
IMG_143,Fire Scene,fire,1 fire region,Dl ee; —- et,0.45
IMG_144,Fire Scene,fire,1 fire region,None,0.92
IMG_145,Fire Scene,fire,1 fire region,"ca i; ae,; 1, gee",0.81
IMG_146,Fire Scene,fire,1 fire region,"A eet; "" Aiieal",0.89
IMG_147,Fire Scene,fire,1 fire region,None,0.89
IMG_148,Fire Scene,fire,1 fire region,J ‘,0.91
IMG_149,Fire Scene,fire,1 fire region,None,0.87
IMG_150,Fire Scene,fire,1 fire region,None,0.88
IMG_151,Fire Scene,fire,1 fire region,None,0.93
IMG_152,Fire Scene,fire,1 fire region,None,0.92
IMG_153,Fire Scene,fire,1 fire region,None,0.91
IMG_154,Fire Scene,fire,1 fire region,None,0.9
IMG_155,Fire Scene,fire,1 fire region,ak Ts ae,0.91
IMG_156,Fire Scene,fire,1 fire region,None,0.86
IMG_157,Fire Scene,fire,1 fire region,None,0.85
IMG_158,Fire Scene,fire,1 fire region,io.,0.9
IMG_159,Fire Scene,fire,1 fire region,None,0.87
IMG_160,Fire Scene,fire,1 fire region,r As ‘; Del:,0.87
IMG_161,Fire Scene,fire,1 fire region,Wit,0.9
IMG_162,Fire Scene,fire,1 fire region,rid,0.81
IMG_163,Fire Scene,fire,1 fire region,Pret,0.9
IMG_164,Fire Scene,fire,1 fire region,"a Os; fia, ie ‘4; hts",0.78
IMG_165,Fire Scene,fire,1 fire region,None,0.91
IMG_166,Fire Scene,fire,1 fire region,None,0.88
IMG_167,Fire Scene,fire,1 fire region,[Wold,0.89
IMG_168,Fire Scene,fire,1 fire region,vat; nell f.,0.89
IMG_169,Fire Scene,fire,1 fire region,Ee:; fey,0.89
IMG_170,Fire Scene,fire,1 fire region,Sse; — ica; sal Fi,0.89
IMG_171,Fire Scene,fire,1 fire region,None,0.87
IMG_172,Fire Scene,fire,1 fire region,"ii€ in,",0.91
IMG_173,Fire Scene,fire,1 fire region,None,0.91
IMG_174,Fire Scene,fire,2 fire regions,None,0.85
IMG_175,Fire Scene,fire,1 fire region,} bps ;,0.82
IMG_176,Fire Scene,fire,1 fire region,None,0.85
IMG_177,Fire Scene,fire,1 fire region,None,0.92
IMG_178,Fire Scene,fire,1 fire region,None,0.87
IMG_179,Fire Scene,fire,1 fire region,None,0.92
IMG_180,Fire Scene,fire,2 fire regions,None,0.82
IMG_181,Fire Scene,fire,1 fire region,None,0.88
IMG_182,Fire Scene,fire,1 fire region,al es,0.74
IMG_183,Fire Scene,fire,1 fire region,aes; ote,0.89
IMG_184,Fire Scene,fire,1 fire region,None,0.89
IMG_185,Fire Scene,fire,1 fire region,None,0.85
IMG_186,Fire Scene,fire,1 fire region,1 HF bun,0.89
IMG_187,Fire Scene,fire,1 fire region,vy th,0.93
IMG_188,Fire Scene,fire,1 fire region,Pairs eet e]; x 1); food,0.92
IMG_189,Fire Scene,fire,1 fire region,wl pen; ‘eet,0.67
IMG_190,Fire Scene,fire,1 fire region,Pata Ceti EL]; aa |; The,0.88
IMG_191,Fire Scene,fire,1 fire region,Dae; Wer; oth,0.8
IMG_192,Fire Scene,fire,1 fire region,Ph AdL scold Wet,0.92
IMG_193,Fire Scene,fire,1 fire region,None,0.88
IMG_194,Fire Scene,fire,1 fire region,Yt); \ 7; asad,0.91
IMG_195,Fire Scene,fire,1 fire region,nH f,0.91
IMG_196,Fire Scene,fire,1 fire region,None,0.89
IMG_197,Fire Scene,fire,1 fire region,None,0.93
IMG_198,Fire Scene,fire,1 fire region,= a3; ear ile; paid,0.92
IMG_199,Fire Scene,fire,1 fire region,None,0.86
IMG_200,Fire Scene,fire,1 fire region,~ al,0.83
IMG_201,Fire Scene,fire,1 fire region,None,0.86
IMG_202,Fire Scene,fire,1 fire region,} ‘eo,0.8
IMG_203,Fire Scene,fire,1 fire region,None,0.84
IMG_204,Fire Scene,fire,1 fire region,oat; > mi; we |,0.9
IMG_205,Fire Scene,fire,1 fire region,Maas,0.92
IMG_206,Fire Scene,fire,1 fire region,Lip; F |,0.88
IMG_207,Fire Scene,fire,1 fire region,Hi),0.86
IMG_208,Fire Scene,fire,1 fire region,\iea,0.9
IMG_209,Fire Scene,fire,1 fire region,None,0.92
IMG_210,Fire Scene,fire,1 fire region,None,0.9
IMG_211,Fire Scene,fire,1 fire region,None,0.9
IMG_212,Fire Scene,fire,1 fire region,None,0.91
IMG_213,Fire Scene,fire,1 fire region,Nes,0.92
IMG_214,Fire Scene,fire,1 fire region,None,0.91
IMG_215,Fire Scene,fire,1 fire region,ret; \\ jail,0.89
IMG_216,Fire Scene,fire,1 fire region,None,0.88
IMG_217,Fire Scene,fire,1 fire region,None,0.91
IMG_218,Fire Scene,fire,1 fire region,None,0.86
IMG_219,Fire Scene,fire,1 fire region,7 7,0.87
IMG_220,Fire Scene,fire,1 fire region,Fis,0.85
IMG_221,Fire Scene,fire,1 fire region,4 i; ith,0.83
IMG_222,Fire Scene,fire,1 fire region,None,0.9
IMG_223,Fire Scene,fire,1 fire region,None,0.84
IMG_224,Fire Scene,fire,1 fire region,wee; “ia,0.92
IMG_225,Fire Scene,fire,1 fire region,Ets; esac,0.87
IMG_226,Fire Scene,fire,1 fire region,None,0.89
IMG_227,Fire Scene,fire,1 fire region,rial; are,0.84
IMG_228,Fire Scene,fire,1 fire region,None,0.9
IMG_229,Fire Scene,fire,1 fire region,“all; mare,0.88
IMG_230,Fire Scene,fire,1 fire region,None,0.87
IMG_231,Fire Scene,fire,1 fire region,None,0.92
IMG_232,Fire Scene,fire,1 fire region,None,0.85
IMG_233,Fire Scene,fire,1 fire region,None,0.92
IMG_234,Fire Scene,fire,1 fire region,None,0.84
IMG_235,Fire Scene,fire,1 fire region,"Sei,",0.88
IMG_236,Fire Scene,fire,1 fire region,oat,0.87
IMG_237,Fire Scene,fire,1 fire region,None,0.9
IMG_238,Fire Scene,fire,1 fire region,None,0.86
IMG_239,Fire Scene,fire,1 fire region,Ele; o—-,0.88
IMG_240,Fire Scene,smoke,1 smoke plume,pais.; are; aad,0.84
IMG_241,Fire Scene,fire,1 fire region,None,0.91
IMG_242,Fire Scene,fire,1 fire region,iis; cae es,0.9
IMG_243,Fire Scene,fire,1 fire region,ty Me; pet; ———— ae,0.88
IMG_244,Fire Scene,fire,1 fire region,None,0.88
IMG_245,Fire Scene,fire,1 fire region,None,0.88
IMG_246,Fire Scene,fire,1 fire region,None,0.86
IMG_247,Fire Scene,fire,1 fire region,None,0.85
IMG_248,Fire Scene,fire,1 fire region,None,0.89
IMG_249,Fire Scene,fire,1 fire region,None,0.86
IMG_250,Fire Scene,fire,1 fire region,None,0.86
IMG_251,Fire Scene,fire,1 fire region,None,0.93
IMG_252,Fire Scene,fire,1 fire region,None,0.9
IMG_253,Fire Scene,fire,1 fire region,None,0.88
IMG_254,Fire Scene,fire,1 fire region,None,0.91
IMG_255,Fire Scene,fire,1 fire region,None,0.87
IMG_256,Fire Scene,fire,1 fire region,None,0.9
IMG_257,Fire Scene,fire,1 fire region,a #; hry,0.87
IMG_258,Fire Scene,fire,1 fire region,None,0.89
IMG_259,Fire Scene,fire,1 fire region,all; “Rh,0.89
IMG_260,Fire Scene,fire,1 fire region,= 9; “i a; sake},0.83
IMG_261,Fire Scene,fire,1 fire region,my <i; hej,0.9
IMG_262,Fire Scene,fire,1 fire region,None,0.91
IMG_263,Fire Scene,fire,1 fire region,None,0.89
IMG_264,Fire Scene,fire,1 fire region,nly,0.9
IMG_265,Fire Scene,fire,1 fire region,None,0.9
IMG_266,Fire Scene,fire,1 fire region,None,0.87
IMG_267,Fire Scene,fire,1 fire region,has; Pye; ma |,0.89
IMG_268,Fire Scene,fire,1 fire region,None,0.83
IMG_269,Fire Scene,fire,1 fire region,None,0.82
IMG_270,Fire Scene,fire,1 fire region,None,0.89
IMG_271,Fire Scene,fire,1 fire region,None,0.87
IMG_272,Fire Scene,fire,1 fire region,None,0.86
IMG_273,General Incident,light,1 light,ney; ene; Se _,0.95
IMG_274,General Incident,light,1 light,None,0.92
IMG_275,General Incident,light,1 light,None,0.92
IMG_276,General Incident,light,1 light,None,0.86
IMG_277,General Incident,light,1 light,None,0.93
IMG_278,General Incident,light,1 light,None,0.88
IMG_279,General Incident,light,1 light,None,0.81
IMG_280,General Incident,light,1 light,By i; oval; vhs,0.93
IMG_281,General Incident,light,1 light,None,0.91
IMG_282,General Incident,light,1 light,None,0.9
IMG_283,General Incident,light,1 light,- —N,0.86
IMG_284,General Incident,light,1 light,None,0.88
IMG_285,General Incident,light,1 light,None,0.87
IMG_286,General Incident,light,1 light,AES; ihe; bo),0.91
IMG_287,General Incident,light,1 light,None,0.86
IMG_288,General Incident,light,1 light,None,0.9
IMG_289,General Incident,light,1 light,None,0.93
IMG_290,General Incident,light,1 light,None,0.93
IMG_291,General Incident,light,1 light,None,0.94
IMG_292,General Incident,light,1 light,None,0.88
IMG_293,General Incident,light,1 light,c __,0.93
IMG_294,General Incident,light,1 light,None,0.88
IMG_295,General Incident,light,1 light,had; aii 1c; pale 53,0.94
IMG_296,General Incident,light,1 light,"2},; ah ee; 5a!",0.89
IMG_297,General Incident,light,1 light,~ hae,0.92
IMG_298,General Incident,light,1 light,pentane; oes; Les,0.91
IMG_299,General Incident,light,1 light,None,0.93
IMG_300,General Incident,light,1 light,None,0.89
IMG_301,General Incident,light,1 light,None,0.91
IMG_302,General Incident,light,1 light,None,0.88
IMG_303,General Incident,light,1 light,None,0.91
IMG_304,General Incident,light,2 lights,None,0.89
IMG_305,General Incident,light,1 light,None,0.91
IMG_306,General Incident,light,1 light,bet kof; pee; noi,0.93
IMG_307,General Incident,light,1 light,None,0.92
IMG_308,General Incident,light,1 light,None,0.9
IMG_309,General Incident,light,1 light,<4.; aot; ee gee |,0.93
IMG_310,General Incident,light,1 light,cease il,0.95
IMG_311,General Incident,light,1 light,iit; c |,0.93
IMG_312,General Incident,light,1 light,None,0.87
IMG_313,General Incident,light,1 light,None,0.88
IMG_314,General Incident,light,1 light,None,0.91
IMG_315,General Incident,light,1 light,dig,0.83
IMG_316,General Incident,light,1 light,None,0.94
IMG_317,General Incident,light,1 light,None,0.93
IMG_318,General Incident,light,1 light,None,0.92
IMG_319,General Incident,light,1 light,None,0.86
IMG_320,General Incident,light,1 light,None,0.92
IMG_321,General Incident,light,1 light,None,0.9
IMG_322,General Incident,light,1 light,None,0.92
IMG_323,General Incident,light,1 light,en OT ea; eae,0.94
IMG_324,General Incident,light,1 light,None,0.91
IMG_325,General Incident,light,1 light,2 |,0.64
IMG_326,General Incident,light,1 light,"Vb,",0.58
IMG_327,General Incident,light,1 light,None,0.85
IMG_328,General Incident,light,1 light,[| 1,0.82
IMG_329,General Incident,light,1 light,so!,0.68
IMG_330,General Incident,light,1 light,ety,0.75
IMG_331,General Incident,light,1 light,Ply; eft; hy |,0.7
IMG_332,General Incident,light,1 light,None,0.65
IMG_333,General Incident,light,1 light,ty!,0.76
IMG_334,General Incident,light,1 light,None,0.78
IMG_335,General Incident,light,1 light,None,0.84
IMG_336,General Incident,light,1 light,None,0.82
IMG_337,General Incident,light,1 light,\ a,0.78
IMG_338,General Incident,light,1 light,None,0.82
IMG_339,General Incident,light,1 light,yf ],0.76
IMG_340,General Incident,light,1 light,None,0.79
IMG_341,General Incident,light,1 light,tA wv,0.82
IMG_342,General Incident,light,1 light,bey; Wey me; ial,0.82
IMG_343,General Incident,light,1 light,at!; crt; PA.,0.89
IMG_344,General Incident,light,1 light,men,0.81
IMG_345,General Incident,light,1 light,None,0.87
IMG_346,General Incident,light,1 light,None,0.93
IMG_347,General Incident,light,1 light,2 ww,0.96
IMG_348,General Incident,light,1 light,None,0.91
IMG_349,General Incident,light,1 light,None,0.84
IMG_350,General Incident,light,1 light,eat,0.93
IMG_351,General Incident,light,1 light,None,0.89
IMG_352,General Incident,light,1 light,None,0.94
IMG_353,General Incident,light,1 light,"ial; May, hes; fad",0.92
IMG_354,General Incident,light,1 light,tak,0.92
IMG_355,General Incident,light,1 light,None,0.93
IMG_356,General Incident,light,1 light,None,0.9
IMG_357,General Incident,light,1 light,None,0.94
IMG_358,General Incident,light,1 light,None,0.9
IMG_359,General Incident,light,1 light,reer; oe |,0.9
IMG_360,General Incident,light,1 light,None,0.86
IMG_361,General Incident,light,1 light,None,0.91
IMG_362,General Incident,light,1 light,Salt Ue; aes; fac!,0.89
IMG_363,General Incident,light,1 light,None,0.91
IMG_364,General Incident,light,1 light,None,0.87
IMG_365,General Incident,light,1 light,at _|; id |; foe,0.92
IMG_366,General Incident,light,1 light,ray; a |,0.92
IMG_367,General Incident,light,1 light,None,0.94
IMG_368,General Incident,light,1 light,"ee,",0.91
IMG_369,General Incident,light,2 lights,None,0.85
IMG_370,General Incident,light,1 light,None,0.92
IMG_371,General Incident,light,1 light,ial,0.91
IMG_372,General Incident,light,1 light,ee),0.89
IMG_373,General Incident,light,1 light,= a,0.87
IMG_374,General Incident,light,1 light,oti,0.82
IMG_375,General Incident,light,1 light,ea 7; = a; mega,0.9
IMG_376,General Incident,light,1 light,None,0.78
IMG_377,General Incident,light,1 light,eal,0.93
IMG_378,General Incident,light,1 light,iat,0.91
IMG_379,General Incident,light,1 light,None,0.88
IMG_380,General Incident,light,1 light,eee ae,0.85
IMG_381,General Incident,light,1 light,None,0.84
IMG_382,General Incident,light,2 lights,None,0.76
IMG_383,General Incident,light,2 lights,None,0.79
IMG_384,General Incident,light,2 lights,None,0.78
IMG_385,General Incident,light,1 light,None,0.81
IMG_386,General Incident,light,1 light,None,0.82
IMG_387,General Incident,light,1 light,None,0.81
IMG_388,General Incident,light,1 light,None,0.81
IMG_389,General Incident,light,1 light,None,0.79
IMG_390,General Incident,light,1 light,None,0.79
IMG_391,General Incident,light,1 light,None,0.78
IMG_392,General Incident,light,1 light,None,0.81
IMG_393,General Incident,light,1 light,None,0.8
IMG_394,General Incident,light,1 light,None,0.79
IMG_395,General Incident,light,1 light,None,0.78
IMG_396,General Incident,light,1 light,None,0.8
IMG_397,General Incident,light,1 light,None,0.8
IMG_398,General Incident,light,1 light,None,0.78
IMG_399,General Incident,light,1 light,None,0.77
IMG_400,General Incident,light,1 light,None,0.77
IMG_401,General Incident,light,1 light,None,0.82
IMG_402,General Incident,light,1 light,None,0.81
IMG_403,General Incident,light,1 light,None,0.82
IMG_404,General Incident,light,1 light,None,0.8
IMG_405,General Incident,light,1 light,None,0.8
IMG_406,General Incident,light,1 light,None,0.77
IMG_407,General Incident,light,1 light,None,0.8
IMG_408,General Incident,light,1 light,None,0.79
IMG_409,General Incident,light,1 light,None,0.78
IMG_410,General Incident,light,1 light,None,0.77
IMG_411,General Incident,light,1 light,None,0.83
IMG_412,General Incident,light,1 light,None,0.77
IMG_413,General Incident,light,1 light,None,0.8
IMG_414,General Incident,light,1 light,None,0.8
IMG_415,General Incident,light,1 light,None,0.84
IMG_416,General Incident,light,1 light,None,0.85
IMG_417,General Incident,light,1 light,None,0.83
IMG_418,General Incident,light,1 light,None,0.85
IMG_419,General Incident,light,1 light,None,0.8
IMG_420,General Incident,light,1 light,None,0.88
IMG_421,General Incident,light,1 light,None,0.86
IMG_422,General Incident,light,1 light,None,0.88
IMG_423,General Incident,light,1 light,None,0.88
IMG_424,General Incident,light,1 light,None,0.88
IMG_425,General Incident,light,1 light,None,0.88
IMG_426,General Incident,light,1 light,None,0.88
IMG_427,General Incident,light,1 light,None,0.88
IMG_428,General Incident,light,1 light,None,0.87
IMG_429,General Incident,light,1 light,None,0.89
IMG_430,General Incident,light,1 light,None,0.88
IMG_431,General Incident,light,1 light,None,0.89
IMG_432,General Incident,light,1 light,None,0.88
IMG_433,General Incident,light,1 light,None,0.81
IMG_434,General Incident,light,1 light,None,0.81
IMG_435,General Incident,light,1 light,None,0.81
IMG_436,General Incident,light,1 light,None,0.83
IMG_437,General Incident,light,1 light,None,0.86
IMG_438,General Incident,light,1 light,None,0.77
IMG_439,General Incident,light,1 light,None,0.77
IMG_440,General Incident,light,1 light,None,0.78
IMG_441,General Incident,light,1 light,None,0.81
IMG_442,General Incident,light,1 light,None,0.83
IMG_443,General Incident,light,1 light,None,0.85
IMG_444,General Incident,light,1 light,None,0.8
IMG_445,General Incident,light,1 light,None,0.74
IMG_446,General Incident,light,1 light,None,0.72
IMG_447,General Incident,light,1 light,None,0.71
IMG_448,General Incident,light,1 light,None,0.73
IMG_449,General Incident,light,1 light,None,0.64
IMG_450,General Incident,light,1 light,None,0.8
IMG_451,General Incident,light,1 light,None,0.79
IMG_452,General Incident,light,1 light,None,0.8
IMG_453,General Incident,light,1 light,None,0.77
IMG_454,General Incident,light,1 light,None,0.73
IMG_455,General Incident,light,1 light,None,0.75
IMG_456,General Incident,light,1 light,None,0.83
IMG_457,General Incident,light,1 light,None,0.85
IMG_458,General Incident,light,1 light,None,0.86
IMG_459,General Incident,light,1 light,None,0.85
IMG_460,General Incident,light,1 light,None,0.83
IMG_461,General Incident,light,1 light,None,0.81
IMG_462,General Incident,light,1 light,None,0.76
IMG_463,General Incident,light,1 light,None,0.77
IMG_464,General Incident,light,1 light,None,0.78
IMG_465,General Incident,light,1 light,None,0.76
IMG_466,General Incident,light,1 light,4 Oe,0.8
IMG_467,General Incident,light,1 light,sD),0.84
IMG_468,General Incident,light,1 light,None,0.79
IMG_469,General Incident,light,1 light,None,0.76
IMG_470,General Incident,light,1 light,oil,0.7
IMG_471,General Incident,light,1 light,None,0.85
IMG_472,General Incident,light,1 light,None,0.78
IMG_473,General Incident,light,1 light,None,0.77
IMG_474,General Incident,light,1 light,None,0.73
IMG_475,General Incident,light,1 light,None,0.71
IMG_476,General Incident,light,1 light,None,0.83
IMG_477,General Incident,light,1 light,None,0.81
IMG_478,General Incident,light,1 light,None,0.78
IMG_479,General Incident,light,1 light,None,0.72
IMG_480,General Incident,light,1 light,None,0.74
IMG_481,General Incident,light,1 light,None,0.7
IMG_482,General Incident,light,1 light,* 4; ‘at,0.68
IMG_483,General Incident,light,1 light,“yf,0.7
IMG_484,General Incident,light,1 light,None,0.65
IMG_485,General Incident,light,1 light,None,0.84
IMG_486,General Incident,light,1 light,None,0.83
IMG_487,General Incident,light,1 light,None,0.84
IMG_488,General Incident,light,1 light,None,0.86
IMG_489,General Incident,light,1 light,None,0.85
IMG_490,General Incident,light,1 light,None,0.85
IMG_491,General Incident,light,1 light,None,0.86
IMG_492,General Incident,light,1 light,None,0.85
IMG_493,General Incident,light,1 light,None,0.83
IMG_494,General Incident,light,1 light,None,0.87
IMG_495,General Incident,light,1 light,None,0.84
IMG_496,General Incident,light,1 light,None,0.84
IMG_497,General Incident,light,1 light,None,0.83
IMG_498,General Incident,light,1 light,None,0.84
IMG_499,General Incident,light,1 light,None,0.81
IMG_500,General Incident,light,1 light,_— 4,0.87
IMG_501,General Incident,light,1 light,None,0.87
IMG_502,General Incident,light,1 light,a7},0.87
IMG_503,General Incident,light,1 light,a7},0.87
IMG_504,General Incident,light,1 light,None,0.86
IMG_505,General Incident,light,1 light,= 4,0.87
IMG_506,General Incident,light,1 light,None,0.87
IMG_507,General Incident,light,1 light,None,0.86
IMG_508,General Incident,light,1 light,None,0.86
IMG_509,General Incident,light,1 light,None,0.86
IMG_510,General Incident,light,1 light,None,0.87
IMG_511,General Incident,light,1 light,None,0.89
IMG_512,General Incident,light,1 light,None,0.79
IMG_513,General Incident,light,1 light,None,0.77
IMG_514,General Incident,light,1 light,None,0.77
IMG_515,General Incident,light,1 light,None,0.78
IMG_516,General Incident,light,1 light,None,0.77
IMG_517,General Incident,light,2 lights,None,0.75
IMG_518,General Incident,light,2 lights,None,0.78
IMG_519,General Incident,light,2 lights,None,0.78
IMG_520,General Incident,light,1 light,None,0.86
IMG_521,General Incident,light,1 light,None,0.86
IMG_522,General Incident,light,1 light,None,0.9
IMG_523,General Incident,light,1 light,None,0.88
IMG_524,General Incident,light,1 light,) 8,0.9
IMG_525,General Incident,light,1 light,None,0.9
IMG_526,General Incident,light,1 light,yy ',0.9
IMG_527,General Incident,light,1 light,None,0.88
IMG_528,General Incident,light,1 light,None,0.77
IMG_529,General Incident,light,2 lights,None,0.57
IMG_530,General Incident,light,2 lights,None,0.74
IMG_531,General Incident,light,2 lights,None,0.65
IMG_532,General Incident,light,1 light,bal |; * Saif,0.91
IMG_533,General Incident,light,1 light,None,0.91
IMG_534,General Incident,light,1 light,None,0.87
IMG_535,General Incident,light,1 light,cheetah; a! ae; 4 v;,0.89
IMG_536,General Incident,no-fire,1 no-fire,None,0.93
IMG_537,General Incident,no-fire,1 no-fire,a a all; HW); hae,0.89
IMG_538,General Incident,no-fire,1 no-fire,‘Wy,0.89
IMG_539,General Incident,no-fire,1 no-fire,ae); rok; Pal,0.91
IMG_540,General Incident,no-fire,1 no-fire,None,0.94
IMG_541,General Incident,no-fire,1 no-fire,lca; ho ae; say,0.91
IMG_542,General Incident,no-fire,1 no-fire,Cail,0.9
IMG_543,General Incident,no-fire,1 no-fire,None,0.89
IMG_544,General Incident,no-fire,1 no-fire,Thr; » f; “ae,0.86
IMG_545,General Incident,no-fire,1 no-fire,lhe,0.91
IMG_546,General Incident,no-fire,1 no-fire,"' ply?; ""ei; J Seay",0.87
IMG_547,General Incident,no-fire,1 no-fire,ee.; wer?,0.93
IMG_548,General Incident,no-fire,1 no-fire,None,0.89
IMG_549,General Incident,no-fire,1 no-fire,"nhs; yiy; ""eo",0.9
IMG_550,General Incident,no-fire,1 no-fire,None,0.91
IMG_551,General Incident,no-fire,1 no-fire,‘as; ang; Pie,0.82
IMG_552,General Incident,no-fire,1 no-fire,oe).; Pika; aoe,0.87
IMG_553,General Incident,no-fire,1 no-fire,None,0.92
IMG_554,General Incident,no-fire,1 no-fire,| | L,0.91
IMG_555,General Incident,no-fire,1 no-fire,"fk. y; J : ‘|; ll ""1!",0.9
IMG_556,General Incident,no-fire,1 no-fire,"las bs,; | E",0.93
IMG_557,General Incident,no-fire,1 no-fire,None,0.87
IMG_558,General Incident,no-fire,1 no-fire,ig ©,0.9
IMG_559,General Incident,no-fire,1 no-fire,| lath,0.9
IMG_560,General Incident,no-fire,1 no-fire,"“oY; i) 1; ‘pl,",0.9
IMG_561,General Incident,no-fire,1 no-fire,baa; Ms a; A 8,0.91
IMG_562,General Incident,no-fire,1 no-fire,None,0.9
IMG_563,General Incident,no-fire,1 no-fire,None,0.86
IMG_564,General Incident,no-fire,1 no-fire,None,0.9
IMG_565,General Incident,no-fire,1 no-fire,ih ih; lat,0.92
IMG_566,General Incident,no-fire,1 no-fire,None,0.88
IMG_567,General Incident,no-fire,1 no-fire,‘t|; eed; art,0.87
IMG_568,General Incident,no-fire,1 no-fire,a |,0.89
IMG_569,General Incident,no-fire,1 no-fire,silt; LEA]; rh it,0.91
IMG_570,General Incident,no-fire,1 no-fire,None,0.89
IMG_571,General Incident,no-fire,1 no-fire,ete,0.86
IMG_572,General Incident,no-fire,1 no-fire,lhe,0.92
IMG_573,General Incident,no-fire,1 no-fire,ied,0.92
IMG_574,General Incident,no-fire,1 no-fire,None,0.84
IMG_575,General Incident,no-fire,1 no-fire,Lar; wal:,0.87
IMG_576,General Incident,no-fire,1 no-fire,Read; ee |; ope,0.9
IMG_577,General Incident,no-fire,1 no-fire,Wil; ul 4; iT),0.9
IMG_578,General Incident,no-fire,1 no-fire,|) hare a,0.92
IMG_579,General Incident,no-fire,1 no-fire,ai |,0.88
IMG_580,General Incident,no-fire,1 no-fire,"thr; ""af; ea =",0.88
IMG_581,General Incident,no-fire,1 no-fire,Led; a et; Paarl,0.88
IMG_582,General Incident,no-fire,1 no-fire,None,0.85
IMG_583,General Incident,no-fire,1 no-fire,feet; 1B.; Pie,0.89
IMG_584,General Incident,no-fire,1 no-fire,"Fel; ‘_ge; ""Wd",0.83
IMG_585,General Incident,no-fire,1 no-fire,None,0.86
IMG_586,General Incident,no-fire,1 no-fire,at a,0.88
IMG_587,General Incident,no-fire,1 no-fire,it a; fa); ry ' M4,0.88
IMG_588,General Incident,no-fire,1 no-fire,a 4; Card; Por,0.88
IMG_589,General Incident,no-fire,1 no-fire,Dal; iz |,0.92
IMG_590,General Incident,no-fire,1 no-fire,a the; e-%; Let,0.89
IMG_591,General Incident,no-fire,1 no-fire,iar; ‘Sea; Pi P,0.94
IMG_592,General Incident,no-fire,1 no-fire,Are; i \; ‘i.,0.92
IMG_593,General Incident,no-fire,1 no-fire,Pei; had; ia ata,0.88
IMG_594,General Incident,no-fire,1 no-fire,cme; Ts.; whe,0.82
IMG_595,General Incident,no-fire,1 no-fire,ili |; | hes,0.9
IMG_596,General Incident,no-fire,1 no-fire,ip at; Li |; iT;,0.89
IMG_597,General Incident,no-fire,1 no-fire,ial,0.85
IMG_598,General Incident,no-fire,1 no-fire,Mt),0.86
IMG_599,General Incident,no-fire,1 no-fire,aye; bey; alr,0.88
IMG_600,General Incident,no-fire,1 no-fire,Ped; rae; Cad,0.88
IMG_601,General Incident,no-fire,1 no-fire,None,0.87
IMG_602,General Incident,no-fire,1 no-fire,‘at; eee; Prag,0.87
IMG_603,General Incident,no-fire,1 no-fire,"1%,; Bee",0.86
IMG_604,General Incident,no-fire,1 no-fire,tll; ft!; li|,0.87
IMG_605,General Incident,no-fire,1 no-fire,Oil,0.92
IMG_606,General Incident,no-fire,1 no-fire,None,0.86
IMG_607,General Incident,no-fire,1 no-fire,\ a; ait,0.9
IMG_608,General Incident,no-fire,1 no-fire,iil a,0.88
IMG_609,General Incident,no-fire,1 no-fire,fiat; . h; * ES am,0.85
IMG_610,General Incident,no-fire,1 no-fire,Vda,0.89
IMG_611,General Incident,no-fire,1 no-fire,None,0.89
IMG_612,General Incident,no-fire,1 no-fire,a 8; if |,0.89
IMG_613,General Incident,no-fire,1 no-fire,Tas; fff; noe,0.91
IMG_614,General Incident,no-fire,1 no-fire,I! |; ie |,0.9
IMG_615,General Incident,no-fire,1 no-fire,eels,0.87
IMG_616,General Incident,no-fire,1 no-fire,ill,0.85
IMG_617,General Incident,no-fire,1 no-fire,ita e,0.93
IMG_618,General Incident,no-fire,1 no-fire,None,0.89
IMG_619,General Incident,no-fire,1 no-fire,None,0.82
IMG_620,General Incident,no-fire,1 no-fire,Lata ten ae,0.74
IMG_621,General Incident,no-fire,1 no-fire,othe; WN ih; ata,0.83
IMG_622,General Incident,no-fire,1 no-fire,aaa se ay,0.84
IMG_623,Fire Scene,smoke,1 smoke plume,None,0.91
IMG_624,General Incident,no-fire,1 no-fire,None,0.92
IMG_625,General Incident,no-fire,1 no-fire,ay Tansee a,0.85
IMG_626,General Incident,no-fire,1 no-fire,alae a,0.62
IMG_627,General Incident,no-fire,1 no-fire,None,0.84
IMG_628,General Incident,no-fire,1 no-fire,( J; aA ten a,0.82
IMG_629,General Incident,no-fire,1 no-fire,tity.; ery,0.85
IMG_630,General Incident,no-fire,1 no-fire,"FIREVIDEO, NET",0.83
IMG_631,General Incident,no-fire,1 no-fire,teal,0.84
IMG_632,General Incident,no-fire,1 no-fire,cme,0.88
IMG_633,General Incident,no-fire,1 no-fire,None,0.88
IMG_634,General Incident,no-fire,1 no-fire,None,0.79
IMG_635,General Incident,no-fire,1 no-fire,| asa sen at,0.82
IMG_636,General Incident,no-fire,1 no-fire,None,0.85
IMG_637,General Incident,no-fire,1 no-fire,air,0.88
IMG_638,General Incident,no-fire,1 no-fire,None,0.89
IMG_639,General Incident,no-fire,1 no-fire,On); baa; { f,0.88
IMG_640,General Incident,no-fire,1 no-fire,None,0.9
IMG_641,General Incident,no-fire,1 no-fire,Mar; yf {,0.9
IMG_642,General Incident,no-fire,1 no-fire,None,0.88
IMG_643,General Incident,no-fire,1 no-fire,the; Hy il,0.89
IMG_644,General Incident,no-fire,1 no-fire,None,0.89
IMG_645,General Incident,no-fire,1 no-fire,Tht; t ag,0.88
IMG_646,General Incident,no-fire,1 no-fire,None,0.83
IMG_647,General Incident,no-fire,1 no-fire,None,0.91
IMG_648,General Incident,no-fire,1 no-fire,None,0.86
IMG_649,General Incident,no-fire,1 no-fire,>. <4; Math y; Ane,0.84
IMG_650,General Incident,no-fire,1 no-fire,None,0.85
IMG_651,General Incident,no-fire,1 no-fire,Ars; Hae; Ad &,0.85
IMG_652,General Incident,no-fire,1 no-fire,None,0.91
IMG_653,General Incident,no-fire,1 no-fire,Ln A; erg; é@y,0.83
IMG_654,General Incident,no-fire,1 no-fire,La?; res,0.89
IMG_655,General Incident,no-fire,1 no-fire,Ate,0.95
IMG_656,General Incident,no-fire,1 no-fire,Te:; ~\4 :; ‘Ks,0.92
IMG_657,General Incident,no-fire,1 no-fire,i \; RRS; ‘e's,0.88
IMG_658,General Incident,no-fire,1 no-fire,= Rta oe ve; ih Tie; r * a Og,0.84
IMG_659,General Incident,no-fire,1 no-fire,2. i; aa * 5 Ae; R Ag,0.89
IMG_660,General Incident,no-fire,1 no-fire,(oy; y 4; Mer,0.89
IMG_661,General Incident,light,1 light,None,0.82
IMG_662,General Incident,no-fire,1 no-fire,None,0.92
IMG_663,General Incident,no-fire,1 no-fire,(hl; hi F; Pay,0.9
IMG_664,General Incident,no-fire,1 no-fire,None,0.9
IMG_665,General Incident,no-fire,1 no-fire,i By; r J; Pa Fs,0.91
IMG_666,General Incident,no-fire,1 no-fire,None,0.86
IMG_667,General Incident,no-fire,1 no-fire,None,0.86
IMG_668,General Incident,no-fire,1 no-fire,None,0.91
IMG_669,General Incident,no-fire,1 no-fire,atin,0.86
IMG_670,General Incident,no-fire,1 no-fire,ahs; qi),0.92
IMG_671,General Incident,no-fire,1 no-fire,None,0.92
IMG_672,General Incident,no-fire,1 no-fire,None,0.92
IMG_673,General Incident,no-fire,1 no-fire,None,0.91
IMG_674,General Incident,no-fire,1 no-fire,os]; ‘ne; nee],0.91
IMG_675,General Incident,no-fire,1 no-fire,None,0.91
IMG_676,General Incident,no-fire,1 no-fire,ru),0.91
IMG_677,General Incident,no-fire,1 no-fire,1 3,0.88
IMG_678,General Incident,no-fire,1 no-fire,| iF; ell; fe:,0.91
IMG_679,General Incident,no-fire,1 no-fire,i fh; aa |; ware |,0.89
IMG_680,General Incident,no-fire,1 no-fire,a-™; “yh; jaar,0.9
IMG_681,General Incident,no-fire,1 no-fire,ae ii,0.92
IMG_682,General Incident,no-fire,1 no-fire,[ry; eal; pee Rt,0.92
IMG_683,General Incident,no-fire,1 no-fire,None,0.93
IMG_684,General Incident,no-fire,1 no-fire,"rare,; Wi Ratha; (Ail",0.89
IMG_685,General Incident,no-fire,1 no-fire,. AVE; tise; rs 4H,0.91
IMG_686,General Incident,no-fire,1 no-fire,mn Ly; 4 1 &,0.91
IMG_687,General Incident,no-fire,1 no-fire,None,0.91
IMG_688,General Incident,no-fire,1 no-fire,me eee; “ed; ‘eed,0.93
IMG_689,General Incident,no-fire,1 no-fire,None,0.88
IMG_690,General Incident,no-fire,1 no-fire,‘if; Coil; cao,0.91
IMG_691,General Incident,no-fire,1 no-fire,"or,; “ae; Bie:",0.9
IMG_692,General Incident,no-fire,1 no-fire,nny; it | a; iii,0.91
IMG_693,Fire Scene,smoke,1 smoke plume,—-7; ee raed s,0.88
IMG_694,General Incident,no-fire,1 no-fire,ate; Pos; iad,0.94
IMG_695,General Incident,no-fire,1 no-fire,None,0.9
IMG_696,General Incident,no-fire,1 no-fire,iis; aay; wha,0.86
IMG_697,General Incident,no-fire,1 no-fire,ceil; we}; - é,0.93
IMG_698,General Incident,no-fire,1 no-fire,Pn.; igs; 2! sagt,0.92
IMG_699,Fire Scene,smoke,1 smoke plume,None,0.84
IMG_700,General Incident,no-fire,1 no-fire,None,0.87
IMG_701,General Incident,no-fire,1 no-fire,Lhe |:; F Gels; tf),0.9
IMG_702,General Incident,no-fire,1 no-fire,None,0.87
IMG_703,General Incident,no-fire,1 no-fire,dew; Bee; ih ae,0.9
IMG_704,General Incident,no-fire,1 no-fire,Avs |,0.91
IMG_705,General Incident,no-fire,1 no-fire,a. @,0.89
IMG_706,General Incident,no-fire,1 no-fire,pat; ths; pire,0.92
IMG_707,General Incident,no-fire,1 no-fire,Pained; i= A os,0.91
IMG_708,General Incident,no-fire,1 no-fire,None,0.9
IMG_709,General Incident,no-fire,1 no-fire,af |; Ey?,0.86
IMG_710,General Incident,no-fire,1 no-fire,—=F; = te,0.9
IMG_711,General Incident,no-fire,1 no-fire,mi!; a Kt,0.89
IMG_712,General Incident,no-fire,1 no-fire,fail,0.89
IMG_713,General Incident,no-fire,1 no-fire,eo); Ekg; Cry,0.92
IMG_714,General Incident,no-fire,1 no-fire,rey; va); Va |,0.92
IMG_715,General Incident,no-fire,1 no-fire,i es; co]; het,0.9
IMG_716,General Incident,no-fire,1 no-fire,Fee; i ?; Edd,0.88
IMG_717,General Incident,no-fire,1 no-fire,None,0.92
IMG_718,General Incident,no-fire,1 no-fire,rand; Ler; Chat},0.92
IMG_719,General Incident,no-fire,1 no-fire,None,0.91
IMG_720,General Incident,no-fire,1 no-fire,None,0.88
IMG_721,General Incident,no-fire,1 no-fire,a i; 0 pow alka aT Pe,0.88
IMG_722,General Incident,no-fire,1 no-fire,nes; a UT; bie Uy,0.9
IMG_723,General Incident,no-fire,1 no-fire,pete; errs |; Detalles,0.92
IMG_724,General Incident,no-fire,1 no-fire,aaa; die; Pergieere sg,0.91
IMG_725,General Incident,no-fire,1 no-fire,"eat; hia; ‘i, 9:",0.94
IMG_726,General Incident,no-fire,1 no-fire,tha a; vet Pane; ile 5,0.9
IMG_727,General Incident,no-fire,1 no-fire,Od aR; hh!; el],0.9
IMG_728,General Incident,no-fire,1 no-fire,ii iL;; ett); | pid,0.89
IMG_729,General Incident,no-fire,1 no-fire,“cal,0.91
IMG_730,General Incident,no-fire,1 no-fire,raf aN; i —; eel,0.91
IMG_731,Fire Scene,fire,1 fire region,é ty re; Ths; 1 tated,0.81
IMG_732,General Incident,no-fire,1 no-fire,ree; cad); Wie,0.85
IMG_733,General Incident,no-fire,1 no-fire,tas,0.86
IMG_734,General Incident,no-fire,1 no-fire,Lal,0.84
IMG_735,General Incident,no-fire,1 no-fire,Paha,0.92
IMG_736,General Incident,no-fire,1 no-fire,aes,0.91
IMG_737,General Incident,no-fire,1 no-fire,meee SES ee Cl,0.89
IMG_738,General Incident,no-fire,1 no-fire,None,0.92
IMG_739,General Incident,no-fire,1 no-fire,15g; a |; iis:,0.92
IMG_740,General Incident,no-fire,1 no-fire,raat 4; pe fa!; fs al,0.93
IMG_741,General Incident,no-fire,1 no-fire,"etd pe a; 7 ,; Pred",0.92
IMG_742,General Incident,no-fire,1 no-fire,+ aie,0.85
IMG_743,General Incident,no-fire,1 no-fire,ca ©; Tt a,0.92
IMG_744,General Incident,no-fire,1 no-fire,etch d,0.87
IMG_745,General Incident,no-fire,1 no-fire,“wl; Tay; fF mee,0.91
IMG_746,General Incident,no-fire,1 no-fire,a ik; a Ficlerale; eas,0.89
IMG_747,General Incident,no-fire,1 no-fire,‘iat ;; aig at,0.92
IMG_748,General Incident,no-fire,1 no-fire,“ala; nile; t Pi,0.9
IMG_749,General Incident,no-fire,1 no-fire,2 adi.; fie,0.9
IMG_750,General Incident,no-fire,1 no-fire,ted; fez; os FE,0.91
IMG_751,General Incident,no-fire,1 no-fire,err; Palit =); rieeea,0.93
IMG_752,General Incident,no-fire,1 no-fire,ag?; ilies; a Nae,0.92
IMG_753,General Incident,no-fire,1 no-fire,be); ‘Ea; ta 2,0.91
IMG_754,General Incident,no-fire,1 no-fire,had; ‘Te_,0.89
IMG_755,General Incident,no-fire,1 no-fire,Tie; ads; Sra,0.91
IMG_756,General Incident,no-fire,1 no-fire,Fos; Dee; raaeile,0.9
IMG_757,General Incident,no-fire,1 no-fire,ii); Paina; Liat as,0.88
IMG_758,General Incident,no-fire,1 no-fire,ie.; ot I; tal,0.88
IMG_759,General Incident,no-fire,1 no-fire,ip fale. 2; Ris; Pie,0.88
IMG_760,General Incident,no-fire,1 no-fire,Lara; aa |; ‘al,0.85
IMG_761,General Incident,no-fire,1 no-fire,oll; me.; aed 2,0.85
IMG_762,General Incident,no-fire,1 no-fire,"a a; eis; i a .""",0.9
IMG_763,General Incident,no-fire,1 no-fire,Re L,0.91
IMG_764,General Incident,no-fire,1 no-fire,“heat; Bama 48; ‘14,0.91
IMG_765,General Incident,no-fire,1 no-fire,Ege 2.; Nisa.»; Pe),0.91
IMG_766,General Incident,no-fire,1 no-fire,Prt; bia; Ls st |,0.89
IMG_767,General Incident,no-fire,1 no-fire,arty; ies; it |,0.89
IMG_768,General Incident,no-fire,1 no-fire,ae); Tee,0.92
IMG_769,General Incident,no-fire,1 no-fire,ema |,0.88
IMG_770,General Incident,no-fire,1 no-fire,None,0.89
IMG_771,General Incident,no-fire,1 no-fire,“1;; —— a; ce),0.9
IMG_772,General Incident,no-fire,1 no-fire,"Se ale; =a).,-|",0.88
IMG_773,General Incident,no-fire,1 no-fire,bee; Pat; eo ee,0.9
IMG_774,General Incident,no-fire,1 no-fire,SS 3 —; aes; Reape,0.9
IMG_775,General Incident,no-fire,1 no-fire,None,0.91
IMG_776,General Incident,no-fire,1 no-fire,wit,0.87
IMG_777,General Incident,no-fire,1 no-fire,‘Ld,0.91
IMG_778,General Incident,no-fire,1 no-fire,None,0.88
IMG_779,General Incident,no-fire,1 no-fire,Dee ed; oad; oar,0.9
IMG_780,General Incident,no-fire,1 no-fire,_—F,0.84
IMG_781,General Incident,no-fire,1 no-fire,None,0.91
IMG_782,General Incident,no-fire,1 no-fire,None,0.87
IMG_783,General Incident,no-fire,1 no-fire,None,0.92
IMG_784,General Incident,no-fire,1 no-fire,lai; hoy; a i,0.91
IMG_785,General Incident,no-fire,1 no-fire,ver; chil,0.92
IMG_786,General Incident,no-fire,1 no-fire,None,0.94
IMG_787,General Incident,no-fire,1 no-fire,neon ly,0.9
IMG_788,General Incident,no-fire,1 no-fire,oie,0.85
IMG_789,General Incident,no-fire,1 no-fire,None,0.88
IMG_790,General Incident,no-fire,1 no-fire,None,0.92
IMG_791,General Incident,no-fire,1 no-fire,None,0.9
IMG_792,General Incident,no-fire,1 no-fire,None,0.89
IMG_793,General Incident,no-fire,1 no-fire,"r,s",0.93
IMG_794,General Incident,no-fire,1 no-fire,None,0.9
IMG_795,General Incident,no-fire,1 no-fire,None,0.93
IMG_796,General Incident,no-fire,1 no-fire,None,0.93
IMG_797,General Incident,no-fire,1 no-fire,case,0.89
IMG_798,General Incident,no-fire,1 no-fire,None,0.9
IMG_799,General Incident,no-fire,1 no-fire,None,0.91
IMG_800,General Incident,no-fire,1 no-fire,None,0.9
IMG_801,General Incident,no-fire,1 no-fire,None,0.88
IMG_802,General Incident,no-fire,1 no-fire,None,0.88
IMG_803,General Incident,no-fire,1 no-fire,None,0.91
IMG_804,General Incident,no-fire,1 no-fire,| i},0.92
IMG_805,General Incident,no-fire,1 no-fire,ani; _ 4,0.9
IMG_806,General Incident,no-fire,1 no-fire,None,0.9
IMG_807,General Incident,no-fire,1 no-fire,None,0.86
IMG_808,General Incident,no-fire,1 no-fire,rns,0.88
IMG_809,General Incident,no-fire,1 no-fire,None,0.89
IMG_810,General Incident,no-fire,1 no-fire,a AO,0.88
IMG_811,General Incident,no-fire,1 no-fire,None,0.89
IMG_812,General Incident,no-fire,1 no-fire,None,0.91
IMG_813,General Incident,no-fire,1 no-fire,ans,0.9
IMG_814,General Incident,no-fire,1 no-fire,Sea,0.86
IMG_815,General Incident,no-fire,1 no-fire,lel,0.91
IMG_816,General Incident,no-fire,1 no-fire,a” 7),0.88
IMG_817,General Incident,no-fire,1 no-fire,} a; wee; i+.,0.89
IMG_818,General Incident,no-fire,1 no-fire,None,0.9
IMG_819,Fire Scene,smoke,1 smoke plume,(ate,0.64
IMG_820,Fire Scene,smoke,1 smoke plume,ihe; bt |; ig!,0.79
IMG_821,Fire Scene,smoke,1 smoke plume,A 10:39; a |; Fae,0.92
IMG_822,General Incident,None,None,FAA 16:39; a a; aa),0.0
IMG_823,General Incident,None,None,FAA 16:39; a a; aa),0.0
IMG_824,General Incident,None,None,v1 b; a a,0.0
IMG_825,Fire Scene,smoke,1 smoke plume,2o1y-; 20 eq— 15:56:47; rR aed),0.84
IMG_826,Fire Scene,smoke,1 smoke plume,Fas) ie; -20 @AH— 15:56:47; wr},0.81
IMG_827,Fire Scene,smoke,1 smoke plume,Fas) Wie; <0 AA— 15:56:48; Or},0.62
IMG_828,Fire Scene,smoke,1 smoke plume,Fas) Wie; =20; A— 15:56:48,0.75
IMG_829,Fire Scene,smoke,1 smoke plume,Fas) Wie; -20 @AA— 15:56:48; eh get P|,0.46
IMG_830,Fire Scene,smoke,1 smoke plume,Fas) Wie; 20 Feq— 15:56:48; aed Py,0.52
IMG_831,Fire Scene,smoke,1 smoke plume,Fas) Wie; 28 Feq— 15:56:49; aur],0.78
IMG_832,Fire Scene,smoke,1 smoke plume,Fas) Wie; -20 Aq— 15:56:49; get ysl,0.85
IMG_833,Fire Scene,smoke,1 smoke plume,Fas) Wie; <2) eq— 15:57:00; EB Sid a,0.85
IMG_834,Fire Scene,smoke,1 smoke plume,Memes 20 Se Ai— 15:57:00; ets; P= bli eee eal,0.8
IMG_835,Fire Scene,smoke,1 smoke plume,in «; Ppt; foo,0.86
IMG_836,Fire Scene,smoke,1 smoke plume,Fas) Wie; 20 Feq— 15:57:00; Fe Si ied a,0.81
IMG_837,Fire Scene,smoke,1 smoke plume,Fas) Wie; —20 BEA 15:57:01; bay,0.92
IMG_838,Fire Scene,smoke,1 smoke plume,Fas) ie; <20 eq— 15:57:01; wr},0.88
IMG_839,Fire Scene,smoke,1 smoke plume,Fas) Wie; 20 eq— 15:57:01; ois,0.94
IMG_840,Fire Scene,smoke,1 smoke plume,2o1y-; 20 Eeq— 15:56:27; Fae Pye,0.89
IMG_841,Fire Scene,smoke,1 smoke plume,Fas) Wie; 20 eq— 15:57:02; P= be ieee Re,0.78
IMG_842,Fire Scene,smoke,1 smoke plume,Fas) Wie; 20 eq— 15:57:02; Et.,0.9
IMG_843,Fire Scene,smoke,1 smoke plume,2o1y-; 20 eq— 15:57:02; PB eee ie,0.71
IMG_844,Fire Scene,smoke,1 smoke plume,2o1y-; <2 eq— 15:57:02; ae ey,0.82
IMG_845,Fire Scene,smoke,1 smoke plume,2o1y-; 20 Eeq— 15:57:03; et.,0.8
IMG_846,Fire Scene,fire,1 fire region,None,0.85
IMG_847,Fire Scene,smoke,1 smoke plume,None,0.86
IMG_848,Fire Scene,smoke,1 smoke plume,None,0.89
IMG_849,Fire Scene,smoke,1 smoke plume,None,0.89
IMG_850,Fire Scene,smoke,1 smoke plume,None,0.83
IMG_851,Fire Scene,smoke,1 smoke plume,None,0.77
IMG_852,Fire Scene,smoke,1 smoke plume,None,0.89
IMG_853,Fire Scene,smoke,1 smoke plume,None,0.92
IMG_854,Fire Scene,smoke,1 smoke plume,None,0.86
IMG_855,Fire Scene,smoke,1 smoke plume,None,0.9
IMG_856,Fire Scene,smoke,1 smoke plume,None,0.88
IMG_857,Fire Scene,smoke,1 smoke plume,None,0.88
IMG_858,Fire Scene,smoke,1 smoke plume,None,0.89
IMG_859,Fire Scene,smoke,1 smoke plume,None,0.81
IMG_860,Fire Scene,smoke,1 smoke plume,None,0.91
IMG_861,Fire Scene,smoke,1 smoke plume,~~ = a+,0.88
IMG_862,Fire Scene,smoke,1 smoke plume,None,0.9
IMG_863,Fire Scene,smoke,1 smoke plume,None,0.89
IMG_864,Fire Scene,smoke,1 smoke plume,We.,0.9
IMG_865,Fire Scene,smoke,1 smoke plume,i f,0.86
IMG_866,Fire Scene,smoke,1 smoke plume,None,0.89
IMG_867,Fire Scene,smoke,1 smoke plume,None,0.77
IMG_868,Fire Scene,smoke,1 smoke plume,“ i,0.85
IMG_869,Fire Scene,smoke,1 smoke plume,None,0.88
IMG_870,Fire Scene,smoke,1 smoke plume,None,0.88
IMG_871,Fire Scene,smoke,1 smoke plume,None,0.88
IMG_872,Fire Scene,smoke,1 smoke plume,None,0.88
IMG_873,Fire Scene,smoke,1 smoke plume,None,0.9
IMG_874,Fire Scene,smoke,1 smoke plume,None,0.88
IMG_875,Fire Scene,smoke,1 smoke plume,ial,0.84
IMG_876,Fire Scene,smoke,1 smoke plume,None,0.91
IMG_877,Fire Scene,smoke,1 smoke plume,None,0.92
IMG_878,Fire Scene,smoke,1 smoke plume,None,0.89
IMG_879,Fire Scene,smoke,1 smoke plume,None,0.83
IMG_880,Fire Scene,smoke,1 smoke plume,None,0.86
IMG_881,Fire Scene,smoke,1 smoke plume,None,0.88
IMG_882,Fire Scene,smoke,1 smoke plume,None,0.87
IMG_883,Fire Scene,smoke,1 smoke plume,None,0.84
IMG_884,Fire Scene,smoke,1 smoke plume,None,0.88
IMG_885,Fire Scene,smoke,1 smoke plume,None,0.86
IMG_886,Fire Scene,smoke,1 smoke plume,None,0.85
IMG_887,Fire Scene,smoke,1 smoke plume,None,0.88
IMG_888,Fire Scene,smoke,1 smoke plume,None,0.86
IMG_889,Fire Scene,smoke,1 smoke plume,None,0.8
IMG_890,Fire Scene,smoke,1 smoke plume,None,0.84
IMG_891,Fire Scene,smoke,1 smoke plume,None,0.87
IMG_892,Fire Scene,smoke,1 smoke plume,None,0.9
IMG_893,Fire Scene,smoke,1 smoke plume,None,0.83
IMG_894,Fire Scene,smoke,1 smoke plume,None,0.71
IMG_895,Fire Scene,smoke,1 smoke plume,None,0.78
IMG_896,General Incident,None,None,None,0.0
IMG_897,General Incident,None,None,None,0.0
IMG_898,Fire Scene,smoke,1 smoke plume,None,0.77
IMG_899,Fire Scene,smoke,1 smoke plume,None,0.85
IMG_900,Fire Scene,smoke,1 smoke plume,None,0.87
IMG_901,Fire Scene,smoke,1 smoke plume,eesti; phe; oid,0.89
IMG_902,Fire Scene,smoke,1 smoke plume,None,0.85
IMG_903,Fire Scene,smoke,1 smoke plume,None,0.68
IMG_904,Fire Scene,smoke,1 smoke plume,None,0.83
IMG_905,Fire Scene,smoke,1 smoke plume,None,0.89
IMG_906,Fire Scene,smoke,1 smoke plume,None,0.87
IMG_907,Fire Scene,smoke,1 smoke plume,None,0.88
IMG_908,Fire Scene,smoke,1 smoke plume,None,0.91
IMG_909,Fire Scene,smoke,1 smoke plume,None,0.91
IMG_910,Fire Scene,smoke,1 smoke plume,None,0.84
IMG_911,Fire Scene,smoke,1 smoke plume,None,0.89
IMG_912,Fire Scene,smoke,1 smoke plume,None,0.91
IMG_913,Fire Scene,smoke,1 smoke plume,None,0.92
IMG_914,Fire Scene,smoke,1 smoke plume,None,0.91
IMG_915,Fire Scene,smoke,1 smoke plume,None,0.89
IMG_916,Fire Scene,smoke,1 smoke plume,None,0.82
IMG_917,Fire Scene,smoke,1 smoke plume,None,0.83
IMG_918,Fire Scene,smoke,1 smoke plume,None,0.85
IMG_919,Fire Scene,smoke,1 smoke plume,None,0.8
IMG_920,Fire Scene,smoke,1 smoke plume,None,0.8
IMG_921,Fire Scene,smoke,1 smoke plume,None,0.8
IMG_922,Fire Scene,smoke,1 smoke plume,ory,0.88
IMG_923,Fire Scene,smoke,1 smoke plume,None,0.86
IMG_924,Fire Scene,smoke,1 smoke plume,None,0.83
IMG_925,Fire Scene,smoke,1 smoke plume,None,0.86
IMG_926,Fire Scene,smoke,1 smoke plume,None,0.87
IMG_927,Fire Scene,smoke,1 smoke plume,None,0.84
IMG_928,Fire Scene,smoke,1 smoke plume,None,0.86
IMG_929,Fire Scene,smoke,1 smoke plume,None,0.85
IMG_930,Fire Scene,smoke,1 smoke plume,None,0.87
IMG_931,Fire Scene,smoke,1 smoke plume,None,0.86
IMG_932,Fire Scene,smoke,1 smoke plume,None,0.86
IMG_933,Fire Scene,smoke,1 smoke plume,None,0.9
IMG_934,Fire Scene,smoke,1 smoke plume,None,0.9
IMG_935,Fire Scene,smoke,1 smoke plume,None,0.9
IMG_936,Fire Scene,smoke,1 smoke plume,None,0.89
IMG_937,Fire Scene,smoke,1 smoke plume,None,0.9
IMG_938,Fire Scene,smoke,1 smoke plume,None,0.91
IMG_939,Fire Scene,smoke,1 smoke plume,None,0.84
IMG_940,Fire Scene,smoke,1 smoke plume,None,0.88
IMG_941,Fire Scene,smoke,1 smoke plume,aig,0.89
IMG_942,Fire Scene,smoke,1 smoke plume,None,0.86
IMG_943,Fire Scene,smoke,1 smoke plume,None,0.86
IMG_944,Fire Scene,smoke,1 smoke plume,None,0.84
IMG_945,Fire Scene,smoke,1 smoke plume,None,0.75
IMG_946,Fire Scene,smoke,1 smoke plume,None,0.88
IMG_947,Fire Scene,smoke,1 smoke plume,None,0.89
IMG_948,Fire Scene,smoke,1 smoke plume,None,0.87
IMG_949,Fire Scene,smoke,1 smoke plume,None,0.81
IMG_950,Fire Scene,smoke,1 smoke plume,None,0.8
IMG_951,Fire Scene,smoke,1 smoke plume,be |,0.9
IMG_952,Fire Scene,smoke,1 smoke plume,— a,0.91
IMG_953,Fire Scene,smoke,1 smoke plume,None,0.92
IMG_954,Fire Scene,smoke,1 smoke plume,esi,0.9
IMG_955,Fire Scene,smoke,1 smoke plume,Beet; reer,0.9
IMG_956,Fire Scene,smoke,1 smoke plume,ss ell,0.89
IMG_957,General Incident,None,None,None,0.0
IMG_958,Fire Scene,smoke,1 smoke plume,~ a; toa; ’ Sn,0.86
IMG_959,Fire Scene,smoke,1 smoke plume,po.; eae on”; A ee,0.88
IMG_960,Fire Scene,smoke,1 smoke plume,ee |; Lae; ee.,0.89
IMG_961,Fire Scene,smoke,1 smoke plume,C7?,0.89
IMG_962,Fire Scene,smoke,1 smoke plume,ae ail,0.87
IMG_963,Fire Scene,smoke,1 smoke plume,None,0.92
IMG_964,Fire Scene,smoke,1 smoke plume,None,0.83
IMG_965,Fire Scene,smoke,1 smoke plume,None,0.91
IMG_966,Fire Scene,smoke,1 smoke plume,| eT; “9.; ‘om A,0.88
IMG_967,Fire Scene,smoke,1 smoke plume,>. si ); ris,0.84
IMG_968,Fire Scene,smoke,1 smoke plume,"oe,",0.87
IMG_969,Fire Scene,smoke,1 smoke plume,Pane,0.87
IMG_970,Fire Scene,smoke,1 smoke plume,None,0.56
IMG_971,Fire Scene,smoke,1 smoke plume,ete | ae,0.88
IMG_972,Fire Scene,smoke,1 smoke plume,2 ©,0.91
IMG_973,Fire Scene,smoke,1 smoke plume,wes; Soria; 14 ie,0.73
IMG_974,Fire Scene,smoke,1 smoke plume,None,0.88
IMG_975,Fire Scene,smoke,1 smoke plume,"Lae,; bon",0.89
IMG_976,Fire Scene,smoke,1 smoke plume,ict; eae,0.86
IMG_977,Fire Scene,smoke,1 smoke plume,vie,0.89
IMG_978,Fire Scene,smoke,1 smoke plume,chee en,0.82
IMG_979,Fire Scene,fire,1 fire region,Ce aed; a ee,0.89
IMG_980,Fire Scene,smoke,1 smoke plume,a Re,0.9
IMG_981,Fire Scene,smoke,1 smoke plume,"Fs,",0.84
IMG_982,Fire Scene,smoke,1 smoke plume,None,0.78
IMG_983,Fire Scene,smoke,1 smoke plume,None,0.9
IMG_984,Fire Scene,smoke,1 smoke plume,com,0.9
IMG_985,Fire Scene,smoke,1 smoke plume,Dad; aren; ae a,0.85
IMG_986,Fire Scene,smoke,1 smoke plume,"No,",0.91
IMG_987,General Incident,None,None,None,0.0
IMG_988,Fire Scene,smoke,1 smoke plume,J .; P the,0.78
IMG_989,Fire Scene,smoke,1 smoke plume,113%; & ry; ‘ij,0.84
IMG_990,Fire Scene,smoke,1 smoke plume,t/44]; Chl,0.9
IMG_991,Fire Scene,smoke,1 smoke plume,Per; PENG; tee.,0.89
IMG_992,Fire Scene,smoke,1 smoke plume,None,0.9
IMG_993,Fire Scene,smoke,1 smoke plume,None,0.81
IMG_994,Fire Scene,smoke,1 smoke plume,ana; Re at; res,0.9
IMG_995,Fire Scene,smoke,1 smoke plume,| ae; an),0.87
IMG_996,Fire Scene,smoke,1 smoke plume,None,0.88
IMG_997,Fire Scene,smoke,1 smoke plume,OS it pe,0.85
IMG_998,Fire Scene,smoke,1 smoke plume,None,0.81
IMG_999,Fire Scene,smoke,1 smoke plume,None,0.85
IMG_1000,Fire Scene,smoke,1 smoke plume,None,0.91
IMG_1001,Fire Scene,smoke,1 smoke plume,None,0.89
IMG_1002,Fire Scene,smoke,1 smoke plume,"nar,",0.89
IMG_1003,Fire Scene,smoke,1 smoke plume,None,0.89
IMG_1004,Fire Scene,smoke,1 smoke plume,"ste,",0.92
IMG_1005,Fire Scene,smoke,1 smoke plume,"es,",0.92
IMG_1006,Fire Scene,smoke,1 smoke plume,None,0.9
IMG_1007,Fire Scene,smoke,1 smoke plume,None,0.89
IMG_1008,Fire Scene,smoke,1 smoke plume,ted; niin,0.89
IMG_1009,Fire Scene,smoke,1 smoke plume,None,0.89
IMG_1010,Fire Scene,smoke,1 smoke plume,None,0.89
IMG_1011,Fire Scene,smoke,1 smoke plume,None,0.89
IMG_1012,Fire Scene,smoke,1 smoke plume,OTS; nig; i ee,0.77
IMG_1013,Fire Scene,smoke,1 smoke plume,ef Sey. 7552255; Woe; t.#,0.84
IMG_1014,Fire Scene,smoke,1 smoke plume,BP Sey 07:52:55; ie E,0.89
IMG_1015,Fire Scene,smoke,1 smoke plume,/ Sa i; Pls),0.9
IMG_1016,Fire Scene,smoke,1 smoke plume,"+) ie; Py 97:52:55; 4%,",0.79
IMG_1017,Fire Scene,smoke,1 smoke plume,03-19-2017; bere; Re te,0.85
IMG_1018,Fire Scene,smoke,1 smoke plume,03-19-2017; BA tg a721; 4 Fon CaS,0.84
IMG_1019,Fire Scene,smoke,1 smoke plume,03-19-2017; H 16; t ta *.,0.78
IMG_1020,Fire Scene,smoke,1 smoke plume,* dil; 03-19-2017; H 10:97:22,0.81
IMG_1021,Fire Scene,smoke,1 smoke plume,63-19-2017; A 16:30:22; =i),0.83
IMG_1022,Fire Scene,smoke,1 smoke plume,63-19-201; A 10:32:22; * eh t,0.84
IMG_1023,Fire Scene,smoke,1 smoke plume,ons,0.92
IMG_1024,Fire Scene,smoke,1 smoke plume,Pare; i 10:97:22; gat,0.69
IMG_1025,Fire Scene,smoke,1 smoke plume,Kio bea; B ia23; ® gal,0.93
IMG_1026,Fire Scene,smoke,1 smoke plume,iki e ea; A 10:97:29; Tig,0.82
IMG_1027,Fire Scene,smoke,1 smoke plume,63-19-2017; BH te 3a7:27; ret,0.87
IMG_1028,Fire Scene,smoke,1 smoke plume,63-19-2017; HL 10:37:29; roo,0.79
IMG_1029,Fire Scene,smoke,1 smoke plume,63-19-2017; A to:3r24; i ag,0.91
IMG_1030,Fire Scene,smoke,1 smoke plume,ko ew Uy; H 10:37:04; a) a,0.82
IMG_1031,Fire Scene,smoke,1 smoke plume,63-19-2017; A 16:90:24; ts a ie,0.84
IMG_1032,Fire Scene,smoke,1 smoke plume,A 16:39:30; aa y; ri oF,0.84
IMG_1033,Fire Scene,smoke,1 smoke plume,FAA 16:39:30; ny y; i #,0.92
IMG_1034,Fire Scene,smoke,1 smoke plume,FAA 10:39:30; ay y; Via,0.9
IMG_1035,Fire Scene,smoke,1 smoke plume,FAA 10:39:30; ay y; Via,0.89
IMG_1036,Fire Scene,smoke,1 smoke plume,16:3? 52; rar; 1 ea Ee,0.81
IMG_1037,Fire Scene,smoke,1 smoke plume,FAA 10:39:30; ay y; Pci,0.93
IMG_1038,Fire Scene,smoke,1 smoke plume,FAA 10:39:30; ay y; Pci,0.92
IMG_1039,Fire Scene,smoke,1 smoke plume,"+e,; Ss |; =I |",0.89
IMG_1040,Fire Scene,smoke,1 smoke plume,16:35:30; * oF; : a,0.8
IMG_1041,General Incident,None,None,16:39:31; ay y; ae |,0.0
IMG_1042,Fire Scene,smoke,1 smoke plume,A 10:39:31; nA y; ‘ea,0.92
IMG_1043,General Incident,None,None,16:39:31; Fae; Rar,0.0
IMG_1044,Fire Scene,smoke,1 smoke plume,FAA 16:39; Pet; nat,0.78
IMG_1045,Fire Scene,smoke,1 smoke plume,16:39:31; Pol 3; ray,0.86
IMG_1046,Fire Scene,smoke,1 smoke plume,2017-83-28; — 16:27:36; Pid,0.87
IMG_1047,Fire Scene,smoke,1 smoke plume,ei?; 1b 28; ul!,0.89
IMG_1048,Fire Scene,smoke,1 smoke plume,2017-05-20:; lb: 28; Wed,0.87
IMG_1049,Fire Scene,smoke,1 smoke plume,ent?; — 46:28:41 |; Lae fs,0.92
IMG_1050,Fire Scene,smoke,1 smoke plume,"B5-20- EAA 1b:29:q, |; i if; thy",0.92
IMG_1051,Fire Scene,smoke,1 smoke plume,"e083; A 16 29:q, |; i if",0.84
IMG_1052,Fire Scene,smoke,1 smoke plume,2017-03-20 =; — 1b:é?:3?; eae an,0.87
IMG_1053,Fire Scene,smoke,1 smoke plume,2017-83-20; — 1:27:33?; fai == a,0.89
IMG_1054,Fire Scene,smoke,1 smoke plume,2017-03-20 ZAA— 16:27:37; id sh; 5: eae a,0.87
IMG_1055,Fire Scene,smoke,1 smoke plume,2017-83-28; — 1b:é2?:3?; ott,0.84
IMG_1056,Fire Scene,smoke,1 smoke plume,2 EFA 16:28; ‘ai; Be a,0.89
IMG_1057,Fire Scene,smoke,1 smoke plume,2017-; Ay— 16:48:43,0.86
IMG_1058,Fire Scene,smoke,1 smoke plume,2017-03-20 EAR— 16:48:43; ah Se; hie,0.83
IMG_1059,Fire Scene,smoke,1 smoke plume,2017-93-20 =; 16:48:43; ah Se,0.83
IMG_1060,Fire Scene,smoke,1 smoke plume,2017-03-20 ES; Th -40:43; of teat,0.81
IMG_1061,Fire Scene,smoke,1 smoke plume,2017-03-28 EFA; = 16:48:43,0.91
IMG_1062,Fire Scene,smoke,1 smoke plume,"2017-03-20; a =; Sei,",0.92
IMG_1063,Fire Scene,smoke,1 smoke plume,2017-03-20 EAA— 16:48:47,0.79
IMG_1064,Fire Scene,smoke,1 smoke plume,2017-03-20 EAA— 16:52:2; Piece ao,0.81
IMG_1065,Fire Scene,smoke,1 smoke plume,2017-03-20; 16:54:11; + Pee ear,0.83
IMG_1066,Fire Scene,smoke,1 smoke plume,2017-09-28 EFA— 16:54:; wet; Sa t= it,0.87
IMG_1067,Fire Scene,smoke,1 smoke plume,Path Ws ad; a |; a =,0.8
IMG_1068,Fire Scene,smoke,1 smoke plume,2017-03-; Lae; age,0.76
IMG_1069,Fire Scene,smoke,1 smoke plume,ae.; uh BES,0.81
IMG_1070,Fire Scene,smoke,1 smoke plume,2017-03-; sie aa; ae ae,0.81
IMG_1071,Fire Scene,smoke,1 smoke plume,Py. 97:52:55,0.83
IMG_1072,Fire Scene,smoke,1 smoke plume,Py. 97:52:55; g's; nee,0.77
IMG_1073,Fire Scene,smoke,1 smoke plume,m2 Py. 97:52:55; . 2; aoe,0.77
IMG_1074,Fire Scene,smoke,1 smoke plume,m2 EPA. 97:52:55; . 2; aoe,0.8
IMG_1075,Fire Scene,smoke,1 smoke plume,ef Sey. 7552255; ago; E54,0.86
IMG_1076,Fire Scene,smoke,1 smoke plume,2017-03-28 FR— 16:48:40; bane,0.88
IMG_1077,Fire Scene,smoke,1 smoke plume,"2017-03-20 EAA— 16:48:40; atom, t; Tee",0.85
IMG_1078,Fire Scene,smoke,1 smoke plume,2017-03-20 FR— 16:48:41; [en he,0.85
IMG_1079,Fire Scene,smoke,1 smoke plume,2017-03-28; 16:48:43; FF),0.83
