Image_ID,Scene_Type,Objects_Detected,Bounding_Boxes,Confidence
IMG_001,Fire Scene,fire,1 fire region,0.82
IMG_002,Fire Scene,fire,1 fire region,0.74
IMG_003,Fire Scene,fire,1 fire region,0.93
IMG_004,Fire Scene,fire,1 fire region,0.94
IMG_005,Fire Scene,fire,1 fire region,0.88
IMG_006,Fire Scene,fire,1 fire region,0.95
IMG_007,Fire Scene,fire,1 fire region,0.92
IMG_008,Fire Scene,fire,1 fire region,0.85
IMG_009,Fire Scene,fire,1 fire region,0.88
IMG_010,Fire Scene,fire,1 fire region,0.88
IMG_011,Fire Scene,fire,1 fire region,0.85
IMG_012,Fire Scene,fire,1 fire region,0.61
IMG_013,Fire Scene,fire,1 fire region,0.9
IMG_014,Fire Scene,fire,1 fire region,0.89
IMG_015,Fire Scene,fire,1 fire region,0.89
IMG_016,Fire Scene,fire,1 fire region,0.91
IMG_017,Fire Scene,fire,1 fire region,0.9
IMG_018,Fire Scene,fire,1 fire region,0.91
IMG_019,Fire Scene,fire,1 fire region,0.89
IMG_020,Fire Scene,fire,1 fire region,0.83
IMG_021,Fire Scene,fire,1 fire region,0.82
IMG_022,Fire Scene,fire,1 fire region,0.9
IMG_023,Fire Scene,fire,1 fire region,0.89
IMG_024,Fire Scene,fire,1 fire region,0.88
IMG_025,Fire Scene,fire,1 fire region,0.83
IMG_026,Fire Scene,fire,1 fire region,0.83
IMG_027,Fire Scene,fire,1 fire region,0.82
IMG_028,Fire Scene,fire,1 fire region,0.79
IMG_029,Fire Scene,fire,1 fire region,0.87
IMG_030,Fire Scene,fire,1 fire region,0.84
IMG_031,Fire Scene,fire,1 fire region,0.88
IMG_032,Fire Scene,fire,1 fire region,0.9
IMG_033,Fire Scene,fire,1 fire region,0.86
IMG_034,Fire Scene,fire,1 fire region,0.86
IMG_035,Fire Scene,fire,1 fire region,0.87
IMG_036,Fire Scene,fire,1 fire region,0.86
IMG_037,Fire Scene,fire,1 fire region,0.87
IMG_038,Fire Scene,fire,1 fire region,0.85
IMG_039,Fire Scene,fire,1 fire region,0.85
IMG_040,Fire Scene,fire,1 fire region,0.83
IMG_041,Fire Scene,fire,1 fire region,0.54
IMG_042,Fire Scene,fire,1 fire region,0.84
IMG_043,Fire Scene,fire,1 fire region,0.85
IMG_044,Fire Scene,fire,1 fire region,0.86
IMG_045,Fire Scene,fire,1 fire region,0.86
IMG_046,Fire Scene,fire,1 fire region,0.82
IMG_047,Fire Scene,fire,1 fire region,0.83
IMG_048,Fire Scene,fire,1 fire region,0.88
IMG_049,Fire Scene,fire,1 fire region,0.91
IMG_050,General Incident,None,None,0.0
IMG_051,Fire Scene,fire,1 fire region,0.93
IMG_052,Fire Scene,fire,1 fire region,0.93
IMG_053,Fire Scene,fire,1 fire region,0.9
IMG_054,Fire Scene,fire,1 fire region,0.9
IMG_055,Fire Scene,fire,1 fire region,0.9
IMG_056,Fire Scene,fire,1 fire region,0.86
IMG_057,Fire Scene,fire,1 fire region,0.89
IMG_058,Fire Scene,fire,1 fire region,0.9
IMG_059,Fire Scene,fire,1 fire region,0.88
IMG_060,Fire Scene,fire,1 fire region,0.84
IMG_061,Fire Scene,fire,1 fire region,0.94
IMG_062,Fire Scene,fire,1 fire region,0.91
IMG_063,Fire Scene,fire,1 fire region,0.93
IMG_064,Fire Scene,fire,1 fire region,0.86
IMG_065,Fire Scene,fire,1 fire region,0.78
IMG_066,Fire Scene,fire,1 fire region,0.92
IMG_067,Fire Scene,fire,1 fire region,0.85
IMG_068,Fire Scene,fire,1 fire region,0.85
IMG_069,Fire Scene,fire,1 fire region,0.88
IMG_070,Fire Scene,fire,1 fire region,0.9
IMG_071,Fire Scene,fire,1 fire region,0.9
IMG_072,Fire Scene,fire,1 fire region,0.92
IMG_073,Fire Scene,fire,1 fire region,0.91
IMG_074,Fire Scene,fire,1 fire region,0.9
IMG_075,Fire Scene,fire,1 fire region,0.8
IMG_076,Fire Scene,fire,1 fire region,0.95
IMG_077,Fire Scene,fire,1 fire region,0.85
IMG_078,Fire Scene,fire,1 fire region,0.83
IMG_079,Fire Scene,fire,1 fire region,0.82
IMG_080,Fire Scene,fire,1 fire region,0.83
IMG_081,Fire Scene,fire,1 fire region,0.82
IMG_082,Fire Scene,fire,1 fire region,0.88
IMG_083,Fire Scene,fire,1 fire region,0.94
IMG_084,Fire Scene,fire,1 fire region,0.85
IMG_085,Fire Scene,fire,1 fire region,0.86
IMG_086,Fire Scene,fire,1 fire region,0.88
IMG_087,Fire Scene,fire,1 fire region,0.92
IMG_088,Fire Scene,fire,1 fire region,0.9
IMG_089,Fire Scene,fire,1 fire region,0.9
IMG_090,Fire Scene,fire,1 fire region,0.9
IMG_091,Fire Scene,fire,1 fire region,0.85
IMG_092,Fire Scene,fire,1 fire region,0.85
IMG_093,Fire Scene,fire,1 fire region,0.89
IMG_094,Fire Scene,fire,1 fire region,0.9
IMG_095,Fire Scene,fire,1 fire region,0.9
IMG_096,Fire Scene,fire,1 fire region,0.85
IMG_097,Fire Scene,fire,1 fire region,0.94
IMG_098,Fire Scene,fire,1 fire region,0.87
IMG_099,Fire Scene,fire,1 fire region,0.9
IMG_100,Fire Scene,fire,1 fire region,0.82
IMG_101,Fire Scene,fire,1 fire region,0.88
IMG_102,Fire Scene,fire,1 fire region,0.91
IMG_103,Fire Scene,fire,1 fire region,0.88
IMG_104,Fire Scene,fire,1 fire region,0.83
IMG_105,Fire Scene,fire,1 fire region,0.93
IMG_106,Fire Scene,fire,1 fire region,0.9
IMG_107,Fire Scene,fire,1 fire region,0.85
IMG_108,Fire Scene,fire,1 fire region,0.92
IMG_109,Fire Scene,fire,1 fire region,0.94
IMG_110,Fire Scene,fire,1 fire region,0.85
IMG_111,Fire Scene,fire,1 fire region,0.9
IMG_112,Fire Scene,fire,1 fire region,0.84
IMG_113,Fire Scene,fire,1 fire region,0.94
IMG_114,Fire Scene,fire,1 fire region,0.9
IMG_115,Fire Scene,fire,1 fire region,0.78
IMG_116,Fire Scene,fire,1 fire region,0.85
IMG_117,Fire Scene,fire,1 fire region,0.87
IMG_118,Fire Scene,fire,1 fire region,0.9
IMG_119,Fire Scene,fire,1 fire region,0.89
IMG_120,Fire Scene,fire,1 fire region,0.89
IMG_121,Fire Scene,fire,1 fire region,0.86
IMG_122,Fire Scene,fire,2 fire regions,0.89
IMG_123,Fire Scene,fire,1 fire region,0.92
IMG_124,Fire Scene,fire,1 fire region,0.87
IMG_125,Fire Scene,fire,1 fire region,0.89
IMG_126,Fire Scene,fire,1 fire region,0.88
IMG_127,Fire Scene,fire,1 fire region,0.83
IMG_128,Fire Scene,fire,1 fire region,0.8
IMG_129,Fire Scene,fire,1 fire region,0.87
IMG_130,Fire Scene,fire,1 fire region,0.88
IMG_131,Fire Scene,fire,1 fire region,0.91
IMG_132,Fire Scene,fire,1 fire region,0.89
IMG_133,Fire Scene,fire,1 fire region,0.88
IMG_134,Fire Scene,fire,1 fire region,0.84
IMG_135,Fire Scene,fire,1 fire region,0.89
IMG_136,Fire Scene,fire,1 fire region,0.93
IMG_137,General Incident,None,None,0.0
IMG_138,Fire Scene,fire,1 fire region,0.88
IMG_139,Fire Scene,fire,1 fire region,0.86
IMG_140,Fire Scene,fire,1 fire region,0.87
IMG_141,Fire Scene,fire,1 fire region,0.91
IMG_142,Fire Scene,fire,1 fire region,0.84
IMG_143,Fire Scene,fire,1 fire region,0.45
IMG_144,Fire Scene,fire,1 fire region,0.92
IMG_145,Fire Scene,fire,1 fire region,0.81
IMG_146,Fire Scene,fire,1 fire region,0.89
IMG_147,Fire Scene,fire,1 fire region,0.89
IMG_148,Fire Scene,fire,1 fire region,0.91
IMG_149,Fire Scene,fire,1 fire region,0.87
IMG_150,Fire Scene,fire,1 fire region,0.88
IMG_151,Fire Scene,fire,1 fire region,0.93
IMG_152,Fire Scene,fire,1 fire region,0.92
IMG_153,Fire Scene,fire,1 fire region,0.91
IMG_154,Fire Scene,fire,1 fire region,0.9
IMG_155,Fire Scene,fire,1 fire region,0.91
IMG_156,Fire Scene,fire,1 fire region,0.86
IMG_157,Fire Scene,fire,1 fire region,0.85
IMG_158,Fire Scene,fire,1 fire region,0.9
IMG_159,Fire Scene,fire,1 fire region,0.87
IMG_160,Fire Scene,fire,1 fire region,0.87
IMG_161,Fire Scene,fire,1 fire region,0.9
IMG_162,Fire Scene,fire,1 fire region,0.81
IMG_163,Fire Scene,fire,1 fire region,0.9
IMG_164,Fire Scene,fire,1 fire region,0.78
IMG_165,Fire Scene,fire,1 fire region,0.91
IMG_166,Fire Scene,fire,1 fire region,0.88
IMG_167,Fire Scene,fire,1 fire region,0.89
IMG_168,Fire Scene,fire,1 fire region,0.89
IMG_169,Fire Scene,fire,1 fire region,0.89
IMG_170,Fire Scene,fire,1 fire region,0.89
IMG_171,Fire Scene,fire,1 fire region,0.87
IMG_172,Fire Scene,fire,1 fire region,0.91
IMG_173,Fire Scene,fire,1 fire region,0.91
IMG_174,Fire Scene,fire,2 fire regions,0.85
IMG_175,Fire Scene,fire,1 fire region,0.82
IMG_176,Fire Scene,fire,1 fire region,0.85
IMG_177,Fire Scene,fire,1 fire region,0.92
IMG_178,Fire Scene,fire,1 fire region,0.87
IMG_179,Fire Scene,fire,1 fire region,0.92
IMG_180,Fire Scene,fire,2 fire regions,0.82
IMG_181,Fire Scene,fire,1 fire region,0.88
IMG_182,Fire Scene,fire,1 fire region,0.74
IMG_183,Fire Scene,fire,1 fire region,0.89
IMG_184,Fire Scene,fire,1 fire region,0.89
IMG_185,Fire Scene,fire,1 fire region,0.85
IMG_186,Fire Scene,fire,1 fire region,0.89
IMG_187,Fire Scene,fire,1 fire region,0.93
IMG_188,Fire Scene,fire,1 fire region,0.92
IMG_189,Fire Scene,fire,1 fire region,0.67
IMG_190,Fire Scene,fire,1 fire region,0.88
IMG_191,Fire Scene,fire,1 fire region,0.8
IMG_192,Fire Scene,fire,1 fire region,0.92
IMG_193,Fire Scene,fire,1 fire region,0.88
IMG_194,Fire Scene,fire,1 fire region,0.91
IMG_195,Fire Scene,fire,1 fire region,0.91
IMG_196,Fire Scene,fire,1 fire region,0.89
IMG_197,Fire Scene,fire,1 fire region,0.93
IMG_198,Fire Scene,fire,1 fire region,0.92
IMG_199,Fire Scene,fire,1 fire region,0.86
IMG_200,Fire Scene,fire,1 fire region,0.83
IMG_201,Fire Scene,fire,1 fire region,0.86
IMG_202,Fire Scene,fire,1 fire region,0.8
IMG_203,Fire Scene,fire,1 fire region,0.84
IMG_204,Fire Scene,fire,1 fire region,0.9
IMG_205,Fire Scene,fire,1 fire region,0.92
IMG_206,Fire Scene,fire,1 fire region,0.88
IMG_207,Fire Scene,fire,1 fire region,0.86
IMG_208,Fire Scene,fire,1 fire region,0.9
IMG_209,Fire Scene,fire,1 fire region,0.92
IMG_210,Fire Scene,fire,1 fire region,0.9
IMG_211,Fire Scene,fire,1 fire region,0.9
IMG_212,Fire Scene,fire,1 fire region,0.91
IMG_213,Fire Scene,fire,1 fire region,0.92
IMG_214,Fire Scene,fire,1 fire region,0.91
IMG_215,Fire Scene,fire,1 fire region,0.89
IMG_216,Fire Scene,fire,1 fire region,0.88
IMG_217,Fire Scene,fire,1 fire region,0.91
IMG_218,Fire Scene,fire,1 fire region,0.86
IMG_219,Fire Scene,fire,1 fire region,0.87
IMG_220,Fire Scene,fire,1 fire region,0.85
IMG_221,Fire Scene,fire,1 fire region,0.83
IMG_222,Fire Scene,fire,1 fire region,0.9
IMG_223,Fire Scene,fire,1 fire region,0.84
IMG_224,Fire Scene,fire,1 fire region,0.92
IMG_225,Fire Scene,fire,1 fire region,0.87
IMG_226,Fire Scene,fire,1 fire region,0.89
IMG_227,Fire Scene,fire,1 fire region,0.84
IMG_228,Fire Scene,fire,1 fire region,0.9
IMG_229,Fire Scene,fire,1 fire region,0.88
IMG_230,Fire Scene,fire,1 fire region,0.87
IMG_231,Fire Scene,fire,1 fire region,0.92
IMG_232,Fire Scene,fire,1 fire region,0.85
IMG_233,Fire Scene,fire,1 fire region,0.92
IMG_234,Fire Scene,fire,1 fire region,0.84
IMG_235,Fire Scene,fire,1 fire region,0.88
IMG_236,Fire Scene,fire,1 fire region,0.87
IMG_237,Fire Scene,fire,1 fire region,0.9
IMG_238,Fire Scene,fire,1 fire region,0.86
IMG_239,Fire Scene,fire,1 fire region,0.88
IMG_240,Fire Scene,smoke,1 smoke plume,0.84
IMG_241,Fire Scene,fire,1 fire region,0.91
IMG_242,Fire Scene,fire,1 fire region,0.9
IMG_243,Fire Scene,fire,1 fire region,0.88
IMG_244,Fire Scene,fire,1 fire region,0.88
IMG_245,Fire Scene,fire,1 fire region,0.88
IMG_246,Fire Scene,fire,1 fire region,0.86
IMG_247,Fire Scene,fire,1 fire region,0.85
IMG_248,Fire Scene,fire,1 fire region,0.89
IMG_249,Fire Scene,fire,1 fire region,0.86
IMG_250,Fire Scene,fire,1 fire region,0.86
IMG_251,Fire Scene,fire,1 fire region,0.93
IMG_252,Fire Scene,fire,1 fire region,0.9
IMG_253,Fire Scene,fire,1 fire region,0.88
IMG_254,Fire Scene,fire,1 fire region,0.91
IMG_255,Fire Scene,fire,1 fire region,0.87
IMG_256,Fire Scene,fire,1 fire region,0.9
IMG_257,Fire Scene,fire,1 fire region,0.87
IMG_258,Fire Scene,fire,1 fire region,0.89
IMG_259,Fire Scene,fire,1 fire region,0.89
IMG_260,Fire Scene,fire,1 fire region,0.83
IMG_261,Fire Scene,fire,1 fire region,0.9
IMG_262,Fire Scene,fire,1 fire region,0.91
IMG_263,Fire Scene,fire,1 fire region,0.89
IMG_264,Fire Scene,fire,1 fire region,0.9
IMG_265,Fire Scene,fire,1 fire region,0.9
IMG_266,Fire Scene,fire,1 fire region,0.87
IMG_267,Fire Scene,fire,1 fire region,0.89
IMG_268,Fire Scene,fire,1 fire region,0.83
IMG_269,Fire Scene,fire,1 fire region,0.82
IMG_270,Fire Scene,fire,1 fire region,0.89
IMG_271,Fire Scene,fire,1 fire region,0.87
IMG_272,Fire Scene,fire,1 fire region,0.86
IMG_273,General Incident,light,1 light,0.95
IMG_274,General Incident,light,1 light,0.92
IMG_275,General Incident,light,1 light,0.92
IMG_276,General Incident,light,1 light,0.86
IMG_277,General Incident,light,1 light,0.93
IMG_278,General Incident,light,1 light,0.88
IMG_279,General Incident,light,1 light,0.81
IMG_280,General Incident,light,1 light,0.93
IMG_281,General Incident,light,1 light,0.91
IMG_282,General Incident,light,1 light,0.9
IMG_283,General Incident,light,1 light,0.86
IMG_284,General Incident,light,1 light,0.88
IMG_285,General Incident,light,1 light,0.87
IMG_286,General Incident,light,1 light,0.91
IMG_287,General Incident,light,1 light,0.86
IMG_288,General Incident,light,1 light,0.9
IMG_289,General Incident,light,1 light,0.93
IMG_290,General Incident,light,1 light,0.93
IMG_291,General Incident,light,1 light,0.94
IMG_292,General Incident,light,1 light,0.88
IMG_293,General Incident,light,1 light,0.93
IMG_294,General Incident,light,1 light,0.88
IMG_295,General Incident,light,1 light,0.94
IMG_296,General Incident,light,1 light,0.89
IMG_297,General Incident,light,1 light,0.92
IMG_298,General Incident,light,1 light,0.91
IMG_299,General Incident,light,1 light,0.93
IMG_300,General Incident,light,1 light,0.89
IMG_301,General Incident,light,1 light,0.91
IMG_302,General Incident,light,1 light,0.88
IMG_303,General Incident,light,1 light,0.91
IMG_304,General Incident,light,2 lights,0.89
IMG_305,General Incident,light,1 light,0.91
IMG_306,General Incident,light,1 light,0.93
IMG_307,General Incident,light,1 light,0.92
IMG_308,General Incident,light,1 light,0.9
IMG_309,General Incident,light,1 light,0.93
IMG_310,General Incident,light,1 light,0.95
IMG_311,General Incident,light,1 light,0.93
IMG_312,General Incident,light,1 light,0.87
IMG_313,General Incident,light,1 light,0.88
IMG_314,General Incident,light,1 light,0.91
IMG_315,General Incident,light,1 light,0.83
IMG_316,General Incident,light,1 light,0.94
IMG_317,General Incident,light,1 light,0.93
IMG_318,General Incident,light,1 light,0.92
IMG_319,General Incident,light,1 light,0.86
IMG_320,General Incident,light,1 light,0.92
IMG_321,General Incident,light,1 light,0.9
IMG_322,General Incident,light,1 light,0.92
IMG_323,General Incident,light,1 light,0.94
IMG_324,General Incident,light,1 light,0.91
IMG_325,General Incident,light,1 light,0.64
IMG_326,General Incident,light,1 light,0.58
IMG_327,General Incident,light,1 light,0.85
IMG_328,General Incident,light,1 light,0.82
IMG_329,General Incident,light,1 light,0.68
IMG_330,General Incident,light,1 light,0.75
IMG_331,General Incident,light,1 light,0.7
IMG_332,General Incident,light,1 light,0.65
IMG_333,General Incident,light,1 light,0.76
IMG_334,General Incident,light,1 light,0.78
IMG_335,General Incident,light,1 light,0.84
IMG_336,General Incident,light,1 light,0.82
IMG_337,General Incident,light,1 light,0.78
IMG_338,General Incident,light,1 light,0.82
IMG_339,General Incident,light,1 light,0.76
IMG_340,General Incident,light,1 light,0.79
IMG_341,General Incident,light,1 light,0.82
IMG_342,General Incident,light,1 light,0.82
IMG_343,General Incident,light,1 light,0.89
IMG_344,General Incident,light,1 light,0.81
IMG_345,General Incident,light,1 light,0.87
IMG_346,General Incident,light,1 light,0.93
IMG_347,General Incident,light,1 light,0.96
IMG_348,General Incident,light,1 light,0.91
IMG_349,General Incident,light,1 light,0.84
IMG_350,General Incident,light,1 light,0.93
IMG_351,General Incident,light,1 light,0.89
IMG_352,General Incident,light,1 light,0.94
IMG_353,General Incident,light,1 light,0.92
IMG_354,General Incident,light,1 light,0.92
IMG_355,General Incident,light,1 light,0.93
IMG_356,General Incident,light,1 light,0.9
IMG_357,General Incident,light,1 light,0.94
IMG_358,General Incident,light,1 light,0.9
IMG_359,General Incident,light,1 light,0.9
IMG_360,General Incident,light,1 light,0.86
IMG_361,General Incident,light,1 light,0.91
IMG_362,General Incident,light,1 light,0.89
IMG_363,General Incident,light,1 light,0.91
IMG_364,General Incident,light,1 light,0.87
IMG_365,General Incident,light,1 light,0.92
IMG_366,General Incident,light,1 light,0.92
IMG_367,General Incident,light,1 light,0.94
IMG_368,General Incident,light,1 light,0.91
IMG_369,General Incident,light,2 lights,0.85
IMG_370,General Incident,light,1 light,0.92
IMG_371,General Incident,light,1 light,0.91
IMG_372,General Incident,light,1 light,0.89
IMG_373,General Incident,light,1 light,0.87
IMG_374,General Incident,light,1 light,0.82
IMG_375,General Incident,light,1 light,0.9
IMG_376,General Incident,light,1 light,0.78
IMG_377,General Incident,light,1 light,0.93
IMG_378,General Incident,light,1 light,0.91
IMG_379,General Incident,light,1 light,0.88
IMG_380,General Incident,light,1 light,0.85
IMG_381,General Incident,light,1 light,0.84
IMG_382,General Incident,light,2 lights,0.76
IMG_383,General Incident,light,2 lights,0.79
IMG_384,General Incident,light,2 lights,0.78
IMG_385,General Incident,light,1 light,0.81
IMG_386,General Incident,light,1 light,0.82
IMG_387,General Incident,light,1 light,0.81
IMG_388,General Incident,light,1 light,0.81
IMG_389,General Incident,light,1 light,0.79
IMG_390,General Incident,light,1 light,0.79
IMG_391,General Incident,light,1 light,0.78
IMG_392,General Incident,light,1 light,0.81
IMG_393,General Incident,light,1 light,0.8
IMG_394,General Incident,light,1 light,0.79
IMG_395,General Incident,light,1 light,0.78
IMG_396,General Incident,light,1 light,0.8
IMG_397,General Incident,light,1 light,0.8
IMG_398,General Incident,light,1 light,0.78
IMG_399,General Incident,light,1 light,0.77
IMG_400,General Incident,light,1 light,0.77
IMG_401,General Incident,light,1 light,0.82
IMG_402,General Incident,light,1 light,0.81
IMG_403,General Incident,light,1 light,0.82
IMG_404,General Incident,light,1 light,0.8
IMG_405,General Incident,light,1 light,0.8
IMG_406,General Incident,light,1 light,0.77
IMG_407,General Incident,light,1 light,0.8
IMG_408,General Incident,light,1 light,0.79
IMG_409,General Incident,light,1 light,0.78
IMG_410,General Incident,light,1 light,0.77
IMG_411,General Incident,light,1 light,0.83
IMG_412,General Incident,light,1 light,0.77
IMG_413,General Incident,light,1 light,0.8
IMG_414,General Incident,light,1 light,0.8
IMG_415,General Incident,light,1 light,0.84
IMG_416,General Incident,light,1 light,0.85
IMG_417,General Incident,light,1 light,0.83
IMG_418,General Incident,light,1 light,0.85
IMG_419,General Incident,light,1 light,0.8
IMG_420,General Incident,light,1 light,0.88
IMG_421,General Incident,light,1 light,0.86
IMG_422,General Incident,light,1 light,0.88
IMG_423,General Incident,light,1 light,0.88
IMG_424,General Incident,light,1 light,0.88
IMG_425,General Incident,light,1 light,0.88
IMG_426,General Incident,light,1 light,0.88
IMG_427,General Incident,light,1 light,0.88
IMG_428,General Incident,light,1 light,0.87
IMG_429,General Incident,light,1 light,0.89
IMG_430,General Incident,light,1 light,0.88
IMG_431,General Incident,light,1 light,0.89
IMG_432,General Incident,light,1 light,0.88
IMG_433,General Incident,light,1 light,0.81
IMG_434,General Incident,light,1 light,0.81
IMG_435,General Incident,light,1 light,0.81
IMG_436,General Incident,light,1 light,0.83
IMG_437,General Incident,light,1 light,0.86
IMG_438,General Incident,light,1 light,0.77
IMG_439,General Incident,light,1 light,0.77
IMG_440,General Incident,light,1 light,0.78
IMG_441,General Incident,light,1 light,0.81
IMG_442,General Incident,light,1 light,0.83
IMG_443,General Incident,light,1 light,0.85
IMG_444,General Incident,light,1 light,0.8
IMG_445,General Incident,light,1 light,0.74
IMG_446,General Incident,light,1 light,0.72
IMG_447,General Incident,light,1 light,0.71
IMG_448,General Incident,light,1 light,0.73
IMG_449,General Incident,light,1 light,0.64
IMG_450,General Incident,light,1 light,0.8
IMG_451,General Incident,light,1 light,0.79
IMG_452,General Incident,light,1 light,0.8
IMG_453,General Incident,light,1 light,0.77
IMG_454,General Incident,light,1 light,0.73
IMG_455,General Incident,light,1 light,0.75
IMG_456,General Incident,light,1 light,0.83
IMG_457,General Incident,light,1 light,0.85
IMG_458,General Incident,light,1 light,0.86
IMG_459,General Incident,light,1 light,0.85
IMG_460,General Incident,light,1 light,0.83
IMG_461,General Incident,light,1 light,0.81
IMG_462,General Incident,light,1 light,0.76
IMG_463,General Incident,light,1 light,0.77
IMG_464,General Incident,light,1 light,0.78
IMG_465,General Incident,light,1 light,0.76
IMG_466,General Incident,light,1 light,0.8
IMG_467,General Incident,light,1 light,0.84
IMG_468,General Incident,light,1 light,0.79
IMG_469,General Incident,light,1 light,0.76
IMG_470,General Incident,light,1 light,0.7
IMG_471,General Incident,light,1 light,0.85
IMG_472,General Incident,light,1 light,0.78
IMG_473,General Incident,light,1 light,0.77
IMG_474,General Incident,light,1 light,0.73
IMG_475,General Incident,light,1 light,0.71
IMG_476,General Incident,light,1 light,0.83
IMG_477,General Incident,light,1 light,0.81
IMG_478,General Incident,light,1 light,0.78
IMG_479,General Incident,light,1 light,0.72
IMG_480,General Incident,light,1 light,0.74
IMG_481,General Incident,light,1 light,0.7
IMG_482,General Incident,light,1 light,0.68
IMG_483,General Incident,light,1 light,0.7
IMG_484,General Incident,light,1 light,0.65
IMG_485,General Incident,light,1 light,0.84
IMG_486,General Incident,light,1 light,0.83
IMG_487,General Incident,light,1 light,0.84
IMG_488,General Incident,light,1 light,0.86
IMG_489,General Incident,light,1 light,0.85
IMG_490,General Incident,light,1 light,0.85
IMG_491,General Incident,light,1 light,0.86
IMG_492,General Incident,light,1 light,0.85
IMG_493,General Incident,light,1 light,0.83
IMG_494,General Incident,light,1 light,0.87
IMG_495,General Incident,light,1 light,0.84
IMG_496,General Incident,light,1 light,0.84
IMG_497,General Incident,light,1 light,0.83
IMG_498,General Incident,light,1 light,0.84
IMG_499,General Incident,light,1 light,0.81
IMG_500,General Incident,light,1 light,0.87
IMG_501,General Incident,light,1 light,0.87
IMG_502,General Incident,light,1 light,0.87
IMG_503,General Incident,light,1 light,0.87
IMG_504,General Incident,light,1 light,0.86
IMG_505,General Incident,light,1 light,0.87
IMG_506,General Incident,light,1 light,0.87
IMG_507,General Incident,light,1 light,0.86
IMG_508,General Incident,light,1 light,0.86
IMG_509,General Incident,light,1 light,0.86
IMG_510,General Incident,light,1 light,0.87
IMG_511,General Incident,light,1 light,0.89
IMG_512,General Incident,light,1 light,0.79
IMG_513,General Incident,light,1 light,0.77
IMG_514,General Incident,light,1 light,0.77
IMG_515,General Incident,light,1 light,0.78
IMG_516,General Incident,light,1 light,0.77
IMG_517,General Incident,light,2 lights,0.75
IMG_518,General Incident,light,2 lights,0.78
IMG_519,General Incident,light,2 lights,0.78
IMG_520,General Incident,light,1 light,0.86
IMG_521,General Incident,light,1 light,0.86
IMG_522,General Incident,light,1 light,0.9
IMG_523,General Incident,light,1 light,0.88
IMG_524,General Incident,light,1 light,0.9
IMG_525,General Incident,light,1 light,0.9
IMG_526,General Incident,light,1 light,0.9
IMG_527,General Incident,light,1 light,0.88
IMG_528,General Incident,light,1 light,0.77
IMG_529,General Incident,light,2 lights,0.57
IMG_530,General Incident,light,2 lights,0.74
IMG_531,General Incident,light,2 lights,0.65
IMG_532,General Incident,light,1 light,0.91
IMG_533,General Incident,light,1 light,0.91
IMG_534,General Incident,light,1 light,0.87
IMG_535,General Incident,light,1 light,0.89
IMG_536,General Incident,no-fire,1 no-fire,0.93
IMG_537,General Incident,no-fire,1 no-fire,0.89
IMG_538,General Incident,no-fire,1 no-fire,0.89
IMG_539,General Incident,no-fire,1 no-fire,0.91
IMG_540,General Incident,no-fire,1 no-fire,0.94
IMG_541,General Incident,no-fire,1 no-fire,0.91
IMG_542,General Incident,no-fire,1 no-fire,0.9
IMG_543,General Incident,no-fire,1 no-fire,0.89
IMG_544,General Incident,no-fire,1 no-fire,0.86
IMG_545,General Incident,no-fire,1 no-fire,0.91
IMG_546,General Incident,no-fire,1 no-fire,0.87
IMG_547,General Incident,no-fire,1 no-fire,0.93
IMG_548,General Incident,no-fire,1 no-fire,0.89
IMG_549,General Incident,no-fire,1 no-fire,0.9
IMG_550,General Incident,no-fire,1 no-fire,0.91
IMG_551,General Incident,no-fire,1 no-fire,0.82
IMG_552,General Incident,no-fire,1 no-fire,0.87
IMG_553,General Incident,no-fire,1 no-fire,0.92
IMG_554,General Incident,no-fire,1 no-fire,0.91
IMG_555,General Incident,no-fire,1 no-fire,0.9
IMG_556,General Incident,no-fire,1 no-fire,0.93
IMG_557,General Incident,no-fire,1 no-fire,0.87
IMG_558,General Incident,no-fire,1 no-fire,0.9
IMG_559,General Incident,no-fire,1 no-fire,0.9
IMG_560,General Incident,no-fire,1 no-fire,0.9
IMG_561,General Incident,no-fire,1 no-fire,0.91
IMG_562,General Incident,no-fire,1 no-fire,0.9
IMG_563,General Incident,no-fire,1 no-fire,0.86
IMG_564,General Incident,no-fire,1 no-fire,0.9
IMG_565,General Incident,no-fire,1 no-fire,0.92
IMG_566,General Incident,no-fire,1 no-fire,0.88
IMG_567,General Incident,no-fire,1 no-fire,0.87
IMG_568,General Incident,no-fire,1 no-fire,0.89
IMG_569,General Incident,no-fire,1 no-fire,0.91
IMG_570,General Incident,no-fire,1 no-fire,0.89
IMG_571,General Incident,no-fire,1 no-fire,0.86
IMG_572,General Incident,no-fire,1 no-fire,0.92
IMG_573,General Incident,no-fire,1 no-fire,0.92
IMG_574,General Incident,no-fire,1 no-fire,0.84
IMG_575,General Incident,no-fire,1 no-fire,0.87
IMG_576,General Incident,no-fire,1 no-fire,0.9
IMG_577,General Incident,no-fire,1 no-fire,0.9
IMG_578,General Incident,no-fire,1 no-fire,0.92
IMG_579,General Incident,no-fire,1 no-fire,0.88
IMG_580,General Incident,no-fire,1 no-fire,0.88
IMG_581,General Incident,no-fire,1 no-fire,0.88
IMG_582,General Incident,no-fire,1 no-fire,0.85
IMG_583,General Incident,no-fire,1 no-fire,0.89
IMG_584,General Incident,no-fire,1 no-fire,0.83
IMG_585,General Incident,no-fire,1 no-fire,0.86
IMG_586,General Incident,no-fire,1 no-fire,0.88
IMG_587,General Incident,no-fire,1 no-fire,0.88
IMG_588,General Incident,no-fire,1 no-fire,0.88
IMG_589,General Incident,no-fire,1 no-fire,0.92
IMG_590,General Incident,no-fire,1 no-fire,0.89
IMG_591,General Incident,no-fire,1 no-fire,0.94
IMG_592,General Incident,no-fire,1 no-fire,0.92
IMG_593,General Incident,no-fire,1 no-fire,0.88
IMG_594,General Incident,no-fire,1 no-fire,0.82
IMG_595,General Incident,no-fire,1 no-fire,0.9
IMG_596,General Incident,no-fire,1 no-fire,0.89
IMG_597,General Incident,no-fire,1 no-fire,0.85
IMG_598,General Incident,no-fire,1 no-fire,0.86
IMG_599,General Incident,no-fire,1 no-fire,0.88
IMG_600,General Incident,no-fire,1 no-fire,0.88
IMG_601,General Incident,no-fire,1 no-fire,0.87
IMG_602,General Incident,no-fire,1 no-fire,0.87
IMG_603,General Incident,no-fire,1 no-fire,0.86
IMG_604,General Incident,no-fire,1 no-fire,0.87
IMG_605,General Incident,no-fire,1 no-fire,0.92
IMG_606,General Incident,no-fire,1 no-fire,0.86
IMG_607,General Incident,no-fire,1 no-fire,0.9
IMG_608,General Incident,no-fire,1 no-fire,0.88
IMG_609,General Incident,no-fire,1 no-fire,0.85
IMG_610,General Incident,no-fire,1 no-fire,0.89
IMG_611,General Incident,no-fire,1 no-fire,0.89
IMG_612,General Incident,no-fire,1 no-fire,0.89
IMG_613,General Incident,no-fire,1 no-fire,0.91
IMG_614,General Incident,no-fire,1 no-fire,0.9
IMG_615,General Incident,no-fire,1 no-fire,0.87
IMG_616,General Incident,no-fire,1 no-fire,0.85
IMG_617,General Incident,no-fire,1 no-fire,0.93
IMG_618,General Incident,no-fire,1 no-fire,0.89
IMG_619,General Incident,no-fire,1 no-fire,0.82
IMG_620,General Incident,no-fire,1 no-fire,0.74
IMG_621,General Incident,no-fire,1 no-fire,0.83
IMG_622,General Incident,no-fire,1 no-fire,0.84
IMG_623,Fire Scene,smoke,1 smoke plume,0.91
IMG_624,General Incident,no-fire,1 no-fire,0.92
IMG_625,General Incident,no-fire,1 no-fire,0.85
IMG_626,General Incident,no-fire,1 no-fire,0.62
IMG_627,General Incident,no-fire,1 no-fire,0.84
IMG_628,General Incident,no-fire,1 no-fire,0.82
IMG_629,General Incident,no-fire,1 no-fire,0.85
IMG_630,General Incident,no-fire,1 no-fire,0.83
IMG_631,General Incident,no-fire,1 no-fire,0.84
IMG_632,General Incident,no-fire,1 no-fire,0.88
IMG_633,General Incident,no-fire,1 no-fire,0.88
IMG_634,General Incident,no-fire,1 no-fire,0.79
IMG_635,General Incident,no-fire,1 no-fire,0.82
IMG_636,General Incident,no-fire,1 no-fire,0.85
IMG_637,General Incident,no-fire,1 no-fire,0.88
IMG_638,General Incident,no-fire,1 no-fire,0.89
IMG_639,General Incident,no-fire,1 no-fire,0.88
IMG_640,General Incident,no-fire,1 no-fire,0.9
IMG_641,General Incident,no-fire,1 no-fire,0.9
IMG_642,General Incident,no-fire,1 no-fire,0.88
IMG_643,General Incident,no-fire,1 no-fire,0.89
IMG_644,General Incident,no-fire,1 no-fire,0.89
IMG_645,General Incident,no-fire,1 no-fire,0.88
IMG_646,General Incident,no-fire,1 no-fire,0.83
IMG_647,General Incident,no-fire,1 no-fire,0.91
IMG_648,General Incident,no-fire,1 no-fire,0.86
IMG_649,General Incident,no-fire,1 no-fire,0.84
IMG_650,General Incident,no-fire,1 no-fire,0.85
IMG_651,General Incident,no-fire,1 no-fire,0.85
IMG_652,General Incident,no-fire,1 no-fire,0.91
IMG_653,General Incident,no-fire,1 no-fire,0.83
IMG_654,General Incident,no-fire,1 no-fire,0.89
IMG_655,General Incident,no-fire,1 no-fire,0.95
IMG_656,General Incident,no-fire,1 no-fire,0.92
IMG_657,General Incident,no-fire,1 no-fire,0.88
IMG_658,General Incident,no-fire,1 no-fire,0.84
IMG_659,General Incident,no-fire,1 no-fire,0.89
IMG_660,General Incident,no-fire,1 no-fire,0.89
IMG_661,General Incident,light,1 light,0.82
IMG_662,General Incident,no-fire,1 no-fire,0.92
IMG_663,General Incident,no-fire,1 no-fire,0.9
IMG_664,General Incident,no-fire,1 no-fire,0.9
IMG_665,General Incident,no-fire,1 no-fire,0.91
IMG_666,General Incident,no-fire,1 no-fire,0.86
IMG_667,General Incident,no-fire,1 no-fire,0.86
IMG_668,General Incident,no-fire,1 no-fire,0.91
IMG_669,General Incident,no-fire,1 no-fire,0.86
IMG_670,General Incident,no-fire,1 no-fire,0.92
IMG_671,General Incident,no-fire,1 no-fire,0.92
IMG_672,General Incident,no-fire,1 no-fire,0.92
IMG_673,General Incident,no-fire,1 no-fire,0.91
IMG_674,General Incident,no-fire,1 no-fire,0.91
IMG_675,General Incident,no-fire,1 no-fire,0.91
IMG_676,General Incident,no-fire,1 no-fire,0.91
IMG_677,General Incident,no-fire,1 no-fire,0.88
IMG_678,General Incident,no-fire,1 no-fire,0.91
IMG_679,General Incident,no-fire,1 no-fire,0.89
IMG_680,General Incident,no-fire,1 no-fire,0.9
IMG_681,General Incident,no-fire,1 no-fire,0.92
IMG_682,General Incident,no-fire,1 no-fire,0.92
IMG_683,General Incident,no-fire,1 no-fire,0.93
IMG_684,General Incident,no-fire,1 no-fire,0.89
IMG_685,General Incident,no-fire,1 no-fire,0.91
IMG_686,General Incident,no-fire,1 no-fire,0.91
IMG_687,General Incident,no-fire,1 no-fire,0.91
IMG_688,General Incident,no-fire,1 no-fire,0.93
IMG_689,General Incident,no-fire,1 no-fire,0.88
IMG_690,General Incident,no-fire,1 no-fire,0.91
IMG_691,General Incident,no-fire,1 no-fire,0.9
IMG_692,General Incident,no-fire,1 no-fire,0.91
IMG_693,Fire Scene,smoke,1 smoke plume,0.88
IMG_694,General Incident,no-fire,1 no-fire,0.94
IMG_695,General Incident,no-fire,1 no-fire,0.9
IMG_696,General Incident,no-fire,1 no-fire,0.86
IMG_697,General Incident,no-fire,1 no-fire,0.93
IMG_698,General Incident,no-fire,1 no-fire,0.92
IMG_699,Fire Scene,smoke,1 smoke plume,0.84
IMG_700,General Incident,no-fire,1 no-fire,0.87
IMG_701,General Incident,no-fire,1 no-fire,0.9
IMG_702,General Incident,no-fire,1 no-fire,0.87
IMG_703,General Incident,no-fire,1 no-fire,0.9
IMG_704,General Incident,no-fire,1 no-fire,0.91
IMG_705,General Incident,no-fire,1 no-fire,0.89
IMG_706,General Incident,no-fire,1 no-fire,0.92
IMG_707,General Incident,no-fire,1 no-fire,0.91
IMG_708,General Incident,no-fire,1 no-fire,0.9
IMG_709,General Incident,no-fire,1 no-fire,0.86
IMG_710,General Incident,no-fire,1 no-fire,0.9
IMG_711,General Incident,no-fire,1 no-fire,0.89
IMG_712,General Incident,no-fire,1 no-fire,0.89
IMG_713,General Incident,no-fire,1 no-fire,0.92
IMG_714,General Incident,no-fire,1 no-fire,0.92
IMG_715,General Incident,no-fire,1 no-fire,0.9
IMG_716,General Incident,no-fire,1 no-fire,0.88
IMG_717,General Incident,no-fire,1 no-fire,0.92
IMG_718,General Incident,no-fire,1 no-fire,0.92
IMG_719,General Incident,no-fire,1 no-fire,0.91
IMG_720,General Incident,no-fire,1 no-fire,0.88
IMG_721,General Incident,no-fire,1 no-fire,0.88
IMG_722,General Incident,no-fire,1 no-fire,0.9
IMG_723,General Incident,no-fire,1 no-fire,0.92
IMG_724,General Incident,no-fire,1 no-fire,0.91
IMG_725,General Incident,no-fire,1 no-fire,0.94
IMG_726,General Incident,no-fire,1 no-fire,0.9
IMG_727,General Incident,no-fire,1 no-fire,0.9
IMG_728,General Incident,no-fire,1 no-fire,0.89
IMG_729,General Incident,no-fire,1 no-fire,0.91
IMG_730,General Incident,no-fire,1 no-fire,0.91
IMG_731,Fire Scene,fire,1 fire region,0.81
IMG_732,General Incident,no-fire,1 no-fire,0.85
IMG_733,General Incident,no-fire,1 no-fire,0.86
IMG_734,General Incident,no-fire,1 no-fire,0.84
IMG_735,General Incident,no-fire,1 no-fire,0.92
IMG_736,General Incident,no-fire,1 no-fire,0.91
IMG_737,General Incident,no-fire,1 no-fire,0.89
IMG_738,General Incident,no-fire,1 no-fire,0.92
IMG_739,General Incident,no-fire,1 no-fire,0.92
IMG_740,General Incident,no-fire,1 no-fire,0.93
IMG_741,General Incident,no-fire,1 no-fire,0.92
IMG_742,General Incident,no-fire,1 no-fire,0.85
IMG_743,General Incident,no-fire,1 no-fire,0.92
IMG_744,General Incident,no-fire,1 no-fire,0.87
IMG_745,General Incident,no-fire,1 no-fire,0.91
IMG_746,General Incident,no-fire,1 no-fire,0.89
IMG_747,General Incident,no-fire,1 no-fire,0.92
IMG_748,General Incident,no-fire,1 no-fire,0.9
IMG_749,General Incident,no-fire,1 no-fire,0.9
IMG_750,General Incident,no-fire,1 no-fire,0.91
IMG_751,General Incident,no-fire,1 no-fire,0.93
IMG_752,General Incident,no-fire,1 no-fire,0.92
IMG_753,General Incident,no-fire,1 no-fire,0.91
IMG_754,General Incident,no-fire,1 no-fire,0.89
IMG_755,General Incident,no-fire,1 no-fire,0.91
IMG_756,General Incident,no-fire,1 no-fire,0.9
IMG_757,General Incident,no-fire,1 no-fire,0.88
IMG_758,General Incident,no-fire,1 no-fire,0.88
IMG_759,General Incident,no-fire,1 no-fire,0.88
IMG_760,General Incident,no-fire,1 no-fire,0.85
IMG_761,General Incident,no-fire,1 no-fire,0.85
IMG_762,General Incident,no-fire,1 no-fire,0.9
IMG_763,General Incident,no-fire,1 no-fire,0.91
IMG_764,General Incident,no-fire,1 no-fire,0.91
IMG_765,General Incident,no-fire,1 no-fire,0.91
IMG_766,General Incident,no-fire,1 no-fire,0.89
IMG_767,General Incident,no-fire,1 no-fire,0.89
IMG_768,General Incident,no-fire,1 no-fire,0.92
IMG_769,General Incident,no-fire,1 no-fire,0.88
IMG_770,General Incident,no-fire,1 no-fire,0.89
IMG_771,General Incident,no-fire,1 no-fire,0.9
IMG_772,General Incident,no-fire,1 no-fire,0.88
IMG_773,General Incident,no-fire,1 no-fire,0.9
IMG_774,General Incident,no-fire,1 no-fire,0.9
IMG_775,General Incident,no-fire,1 no-fire,0.91
IMG_776,General Incident,no-fire,1 no-fire,0.87
IMG_777,General Incident,no-fire,1 no-fire,0.91
IMG_778,General Incident,no-fire,1 no-fire,0.88
IMG_779,General Incident,no-fire,1 no-fire,0.9
IMG_780,General Incident,no-fire,1 no-fire,0.84
IMG_781,General Incident,no-fire,1 no-fire,0.91
IMG_782,General Incident,no-fire,1 no-fire,0.87
IMG_783,General Incident,no-fire,1 no-fire,0.92
IMG_784,General Incident,no-fire,1 no-fire,0.91
IMG_785,General Incident,no-fire,1 no-fire,0.92
IMG_786,General Incident,no-fire,1 no-fire,0.94
IMG_787,General Incident,no-fire,1 no-fire,0.9
IMG_788,General Incident,no-fire,1 no-fire,0.85
IMG_789,General Incident,no-fire,1 no-fire,0.88
IMG_790,General Incident,no-fire,1 no-fire,0.92
IMG_791,General Incident,no-fire,1 no-fire,0.9
IMG_792,General Incident,no-fire,1 no-fire,0.89
IMG_793,General Incident,no-fire,1 no-fire,0.93
IMG_794,General Incident,no-fire,1 no-fire,0.9
IMG_795,General Incident,no-fire,1 no-fire,0.93
IMG_796,General Incident,no-fire,1 no-fire,0.93
IMG_797,General Incident,no-fire,1 no-fire,0.89
IMG_798,General Incident,no-fire,1 no-fire,0.9
IMG_799,General Incident,no-fire,1 no-fire,0.91
IMG_800,General Incident,no-fire,1 no-fire,0.9
IMG_801,General Incident,no-fire,1 no-fire,0.88
IMG_802,General Incident,no-fire,1 no-fire,0.88
IMG_803,General Incident,no-fire,1 no-fire,0.91
IMG_804,General Incident,no-fire,1 no-fire,0.92
IMG_805,General Incident,no-fire,1 no-fire,0.9
IMG_806,General Incident,no-fire,1 no-fire,0.9
IMG_807,General Incident,no-fire,1 no-fire,0.86
IMG_808,General Incident,no-fire,1 no-fire,0.88
IMG_809,General Incident,no-fire,1 no-fire,0.89
IMG_810,General Incident,no-fire,1 no-fire,0.88
IMG_811,General Incident,no-fire,1 no-fire,0.89
IMG_812,General Incident,no-fire,1 no-fire,0.91
IMG_813,General Incident,no-fire,1 no-fire,0.9
IMG_814,General Incident,no-fire,1 no-fire,0.86
IMG_815,General Incident,no-fire,1 no-fire,0.91
IMG_816,General Incident,no-fire,1 no-fire,0.88
IMG_817,General Incident,no-fire,1 no-fire,0.89
IMG_818,General Incident,no-fire,1 no-fire,0.9
IMG_819,Fire Scene,smoke,1 smoke plume,0.64
IMG_820,Fire Scene,smoke,1 smoke plume,0.79
IMG_821,Fire Scene,smoke,1 smoke plume,0.92
IMG_822,General Incident,None,None,0.0
IMG_823,General Incident,None,None,0.0
IMG_824,General Incident,None,None,0.0
IMG_825,Fire Scene,smoke,1 smoke plume,0.84
IMG_826,Fire Scene,smoke,1 smoke plume,0.81
IMG_827,Fire Scene,smoke,1 smoke plume,0.62
IMG_828,Fire Scene,smoke,1 smoke plume,0.75
IMG_829,Fire Scene,smoke,1 smoke plume,0.46
IMG_830,Fire Scene,smoke,1 smoke plume,0.52
IMG_831,Fire Scene,smoke,1 smoke plume,0.78
IMG_832,Fire Scene,smoke,1 smoke plume,0.85
IMG_833,Fire Scene,smoke,1 smoke plume,0.85
IMG_834,Fire Scene,smoke,1 smoke plume,0.8
IMG_835,Fire Scene,smoke,1 smoke plume,0.86
IMG_836,Fire Scene,smoke,1 smoke plume,0.81
IMG_837,Fire Scene,smoke,1 smoke plume,0.92
IMG_838,Fire Scene,smoke,1 smoke plume,0.88
IMG_839,Fire Scene,smoke,1 smoke plume,0.94
IMG_840,Fire Scene,smoke,1 smoke plume,0.89
IMG_841,Fire Scene,smoke,1 smoke plume,0.78
IMG_842,Fire Scene,smoke,1 smoke plume,0.9
IMG_843,Fire Scene,smoke,1 smoke plume,0.71
IMG_844,Fire Scene,smoke,1 smoke plume,0.82
IMG_845,Fire Scene,smoke,1 smoke plume,0.8
IMG_846,Fire Scene,fire,1 fire region,0.85
IMG_847,Fire Scene,smoke,1 smoke plume,0.86
IMG_848,Fire Scene,smoke,1 smoke plume,0.89
IMG_849,Fire Scene,smoke,1 smoke plume,0.89
IMG_850,Fire Scene,smoke,1 smoke plume,0.83
IMG_851,Fire Scene,smoke,1 smoke plume,0.77
IMG_852,Fire Scene,smoke,1 smoke plume,0.89
IMG_853,Fire Scene,smoke,1 smoke plume,0.92
IMG_854,Fire Scene,smoke,1 smoke plume,0.86
IMG_855,Fire Scene,smoke,1 smoke plume,0.9
IMG_856,Fire Scene,smoke,1 smoke plume,0.88
IMG_857,Fire Scene,smoke,1 smoke plume,0.88
IMG_858,Fire Scene,smoke,1 smoke plume,0.89
IMG_859,Fire Scene,smoke,1 smoke plume,0.81
IMG_860,Fire Scene,smoke,1 smoke plume,0.91
IMG_861,Fire Scene,smoke,1 smoke plume,0.88
IMG_862,Fire Scene,smoke,1 smoke plume,0.9
IMG_863,Fire Scene,smoke,1 smoke plume,0.89
IMG_864,Fire Scene,smoke,1 smoke plume,0.9
IMG_865,Fire Scene,smoke,1 smoke plume,0.86
IMG_866,Fire Scene,smoke,1 smoke plume,0.89
IMG_867,Fire Scene,smoke,1 smoke plume,0.77
IMG_868,Fire Scene,smoke,1 smoke plume,0.85
IMG_869,Fire Scene,smoke,1 smoke plume,0.88
IMG_870,Fire Scene,smoke,1 smoke plume,0.88
IMG_871,Fire Scene,smoke,1 smoke plume,0.88
IMG_872,Fire Scene,smoke,1 smoke plume,0.88
IMG_873,Fire Scene,smoke,1 smoke plume,0.9
IMG_874,Fire Scene,smoke,1 smoke plume,0.88
IMG_875,Fire Scene,smoke,1 smoke plume,0.84
IMG_876,Fire Scene,smoke,1 smoke plume,0.91
IMG_877,Fire Scene,smoke,1 smoke plume,0.92
IMG_878,Fire Scene,smoke,1 smoke plume,0.89
IMG_879,Fire Scene,smoke,1 smoke plume,0.83
IMG_880,Fire Scene,smoke,1 smoke plume,0.86
IMG_881,Fire Scene,smoke,1 smoke plume,0.88
IMG_882,Fire Scene,smoke,1 smoke plume,0.87
IMG_883,Fire Scene,smoke,1 smoke plume,0.84
IMG_884,Fire Scene,smoke,1 smoke plume,0.88
IMG_885,Fire Scene,smoke,1 smoke plume,0.86
IMG_886,Fire Scene,smoke,1 smoke plume,0.85
IMG_887,Fire Scene,smoke,1 smoke plume,0.88
IMG_888,Fire Scene,smoke,1 smoke plume,0.86
IMG_889,Fire Scene,smoke,1 smoke plume,0.8
IMG_890,Fire Scene,smoke,1 smoke plume,0.84
IMG_891,Fire Scene,smoke,1 smoke plume,0.87
IMG_892,Fire Scene,smoke,1 smoke plume,0.9
IMG_893,Fire Scene,smoke,1 smoke plume,0.83
IMG_894,Fire Scene,smoke,1 smoke plume,0.71
IMG_895,Fire Scene,smoke,1 smoke plume,0.78
IMG_896,General Incident,None,None,0.0
IMG_897,General Incident,None,None,0.0
IMG_898,Fire Scene,smoke,1 smoke plume,0.77
IMG_899,Fire Scene,smoke,1 smoke plume,0.85
IMG_900,Fire Scene,smoke,1 smoke plume,0.87
IMG_901,Fire Scene,smoke,1 smoke plume,0.89
IMG_902,Fire Scene,smoke,1 smoke plume,0.85
IMG_903,Fire Scene,smoke,1 smoke plume,0.68
IMG_904,Fire Scene,smoke,1 smoke plume,0.83
IMG_905,Fire Scene,smoke,1 smoke plume,0.89
IMG_906,Fire Scene,smoke,1 smoke plume,0.87
IMG_907,Fire Scene,smoke,1 smoke plume,0.88
IMG_908,Fire Scene,smoke,1 smoke plume,0.91
IMG_909,Fire Scene,smoke,1 smoke plume,0.91
IMG_910,Fire Scene,smoke,1 smoke plume,0.84
IMG_911,Fire Scene,smoke,1 smoke plume,0.89
IMG_912,Fire Scene,smoke,1 smoke plume,0.91
IMG_913,Fire Scene,smoke,1 smoke plume,0.92
IMG_914,Fire Scene,smoke,1 smoke plume,0.91
IMG_915,Fire Scene,smoke,1 smoke plume,0.89
IMG_916,Fire Scene,smoke,1 smoke plume,0.82
IMG_917,Fire Scene,smoke,1 smoke plume,0.83
IMG_918,Fire Scene,smoke,1 smoke plume,0.85
IMG_919,Fire Scene,smoke,1 smoke plume,0.8
IMG_920,Fire Scene,smoke,1 smoke plume,0.8
IMG_921,Fire Scene,smoke,1 smoke plume,0.8
IMG_922,Fire Scene,smoke,1 smoke plume,0.88
IMG_923,Fire Scene,smoke,1 smoke plume,0.86
IMG_924,Fire Scene,smoke,1 smoke plume,0.83
IMG_925,Fire Scene,smoke,1 smoke plume,0.86
IMG_926,Fire Scene,smoke,1 smoke plume,0.87
IMG_927,Fire Scene,smoke,1 smoke plume,0.84
IMG_928,Fire Scene,smoke,1 smoke plume,0.86
IMG_929,Fire Scene,smoke,1 smoke plume,0.85
IMG_930,Fire Scene,smoke,1 smoke plume,0.87
IMG_931,Fire Scene,smoke,1 smoke plume,0.86
IMG_932,Fire Scene,smoke,1 smoke plume,0.86
IMG_933,Fire Scene,smoke,1 smoke plume,0.9
IMG_934,Fire Scene,smoke,1 smoke plume,0.9
IMG_935,Fire Scene,smoke,1 smoke plume,0.9
IMG_936,Fire Scene,smoke,1 smoke plume,0.89
IMG_937,Fire Scene,smoke,1 smoke plume,0.9
IMG_938,Fire Scene,smoke,1 smoke plume,0.91
IMG_939,Fire Scene,smoke,1 smoke plume,0.84
IMG_940,Fire Scene,smoke,1 smoke plume,0.88
IMG_941,Fire Scene,smoke,1 smoke plume,0.89
IMG_942,Fire Scene,smoke,1 smoke plume,0.86
IMG_943,Fire Scene,smoke,1 smoke plume,0.86
IMG_944,Fire Scene,smoke,1 smoke plume,0.84
IMG_945,Fire Scene,smoke,1 smoke plume,0.75
IMG_946,Fire Scene,smoke,1 smoke plume,0.88
IMG_947,Fire Scene,smoke,1 smoke plume,0.89
IMG_948,Fire Scene,smoke,1 smoke plume,0.87
IMG_949,Fire Scene,smoke,1 smoke plume,0.81
IMG_950,Fire Scene,smoke,1 smoke plume,0.8
IMG_951,Fire Scene,smoke,1 smoke plume,0.9
IMG_952,Fire Scene,smoke,1 smoke plume,0.91
IMG_953,Fire Scene,smoke,1 smoke plume,0.92
IMG_954,Fire Scene,smoke,1 smoke plume,0.9
IMG_955,Fire Scene,smoke,1 smoke plume,0.9
IMG_956,Fire Scene,smoke,1 smoke plume,0.89
IMG_957,General Incident,None,None,0.0
IMG_958,Fire Scene,smoke,1 smoke plume,0.86
IMG_959,Fire Scene,smoke,1 smoke plume,0.88
IMG_960,Fire Scene,smoke,1 smoke plume,0.89
IMG_961,Fire Scene,smoke,1 smoke plume,0.89
IMG_962,Fire Scene,smoke,1 smoke plume,0.87
IMG_963,Fire Scene,smoke,1 smoke plume,0.92
IMG_964,Fire Scene,smoke,1 smoke plume,0.83
IMG_965,Fire Scene,smoke,1 smoke plume,0.91
IMG_966,Fire Scene,smoke,1 smoke plume,0.88
IMG_967,Fire Scene,smoke,1 smoke plume,0.84
IMG_968,Fire Scene,smoke,1 smoke plume,0.87
IMG_969,Fire Scene,smoke,1 smoke plume,0.87
IMG_970,Fire Scene,smoke,1 smoke plume,0.56
IMG_971,Fire Scene,smoke,1 smoke plume,0.88
IMG_972,Fire Scene,smoke,1 smoke plume,0.91
IMG_973,Fire Scene,smoke,1 smoke plume,0.73
IMG_974,Fire Scene,smoke,1 smoke plume,0.88
IMG_975,Fire Scene,smoke,1 smoke plume,0.89
IMG_976,Fire Scene,smoke,1 smoke plume,0.86
IMG_977,Fire Scene,smoke,1 smoke plume,0.89
IMG_978,Fire Scene,smoke,1 smoke plume,0.82
IMG_979,Fire Scene,fire,1 fire region,0.89
IMG_980,Fire Scene,smoke,1 smoke plume,0.9
IMG_981,Fire Scene,smoke,1 smoke plume,0.84
IMG_982,Fire Scene,smoke,1 smoke plume,0.78
IMG_983,Fire Scene,smoke,1 smoke plume,0.9
IMG_984,Fire Scene,smoke,1 smoke plume,0.9
IMG_985,Fire Scene,smoke,1 smoke plume,0.85
IMG_986,Fire Scene,smoke,1 smoke plume,0.91
IMG_987,General Incident,None,None,0.0
IMG_988,Fire Scene,smoke,1 smoke plume,0.78
IMG_989,Fire Scene,smoke,1 smoke plume,0.84
IMG_990,Fire Scene,smoke,1 smoke plume,0.9
IMG_991,Fire Scene,smoke,1 smoke plume,0.89
IMG_992,Fire Scene,smoke,1 smoke plume,0.9
IMG_993,Fire Scene,smoke,1 smoke plume,0.81
IMG_994,Fire Scene,smoke,1 smoke plume,0.9
IMG_995,Fire Scene,smoke,1 smoke plume,0.87
IMG_996,Fire Scene,smoke,1 smoke plume,0.88
IMG_997,Fire Scene,smoke,1 smoke plume,0.85
IMG_998,Fire Scene,smoke,1 smoke plume,0.81
IMG_999,Fire Scene,smoke,1 smoke plume,0.85
IMG_1000,Fire Scene,smoke,1 smoke plume,0.91
IMG_1001,Fire Scene,smoke,1 smoke plume,0.89
IMG_1002,Fire Scene,smoke,1 smoke plume,0.89
IMG_1003,Fire Scene,smoke,1 smoke plume,0.89
IMG_1004,Fire Scene,smoke,1 smoke plume,0.92
IMG_1005,Fire Scene,smoke,1 smoke plume,0.92
IMG_1006,Fire Scene,smoke,1 smoke plume,0.9
IMG_1007,Fire Scene,smoke,1 smoke plume,0.89
IMG_1008,Fire Scene,smoke,1 smoke plume,0.89
IMG_1009,Fire Scene,smoke,1 smoke plume,0.89
IMG_1010,Fire Scene,smoke,1 smoke plume,0.89
IMG_1011,Fire Scene,smoke,1 smoke plume,0.89
IMG_1012,Fire Scene,smoke,1 smoke plume,0.77
IMG_1013,Fire Scene,smoke,1 smoke plume,0.84
IMG_1014,Fire Scene,smoke,1 smoke plume,0.89
IMG_1015,Fire Scene,smoke,1 smoke plume,0.9
IMG_1016,Fire Scene,smoke,1 smoke plume,0.79
IMG_1017,Fire Scene,smoke,1 smoke plume,0.85
IMG_1018,Fire Scene,smoke,1 smoke plume,0.84
IMG_1019,Fire Scene,smoke,1 smoke plume,0.78
IMG_1020,Fire Scene,smoke,1 smoke plume,0.81
IMG_1021,Fire Scene,smoke,1 smoke plume,0.83
IMG_1022,Fire Scene,smoke,1 smoke plume,0.84
IMG_1023,Fire Scene,smoke,1 smoke plume,0.92
IMG_1024,Fire Scene,smoke,1 smoke plume,0.69
IMG_1025,Fire Scene,smoke,1 smoke plume,0.93
IMG_1026,Fire Scene,smoke,1 smoke plume,0.82
IMG_1027,Fire Scene,smoke,1 smoke plume,0.87
IMG_1028,Fire Scene,smoke,1 smoke plume,0.79
IMG_1029,Fire Scene,smoke,1 smoke plume,0.91
IMG_1030,Fire Scene,smoke,1 smoke plume,0.82
IMG_1031,Fire Scene,smoke,1 smoke plume,0.84
IMG_1032,Fire Scene,smoke,1 smoke plume,0.84
IMG_1033,Fire Scene,smoke,1 smoke plume,0.92
IMG_1034,Fire Scene,smoke,1 smoke plume,0.9
IMG_1035,Fire Scene,smoke,1 smoke plume,0.89
IMG_1036,Fire Scene,smoke,1 smoke plume,0.81
IMG_1037,Fire Scene,smoke,1 smoke plume,0.93
IMG_1038,Fire Scene,smoke,1 smoke plume,0.92
IMG_1039,Fire Scene,smoke,1 smoke plume,0.89
IMG_1040,Fire Scene,smoke,1 smoke plume,0.8
IMG_1041,General Incident,None,None,0.0
IMG_1042,Fire Scene,smoke,1 smoke plume,0.92
IMG_1043,General Incident,None,None,0.0
IMG_1044,Fire Scene,smoke,1 smoke plume,0.78
IMG_1045,Fire Scene,smoke,1 smoke plume,0.86
IMG_1046,Fire Scene,smoke,1 smoke plume,0.87
IMG_1047,Fire Scene,smoke,1 smoke plume,0.89
IMG_1048,Fire Scene,smoke,1 smoke plume,0.87
IMG_1049,Fire Scene,smoke,1 smoke plume,0.92
IMG_1050,Fire Scene,smoke,1 smoke plume,0.92
IMG_1051,Fire Scene,smoke,1 smoke plume,0.84
IMG_1052,Fire Scene,smoke,1 smoke plume,0.87
IMG_1053,Fire Scene,smoke,1 smoke plume,0.89
IMG_1054,Fire Scene,smoke,1 smoke plume,0.87
IMG_1055,Fire Scene,smoke,1 smoke plume,0.84
IMG_1056,Fire Scene,smoke,1 smoke plume,0.89
IMG_1057,Fire Scene,smoke,1 smoke plume,0.86
IMG_1058,Fire Scene,smoke,1 smoke plume,0.83
IMG_1059,Fire Scene,smoke,1 smoke plume,0.83
IMG_1060,Fire Scene,smoke,1 smoke plume,0.81
IMG_1061,Fire Scene,smoke,1 smoke plume,0.91
IMG_1062,Fire Scene,smoke,1 smoke plume,0.92
IMG_1063,Fire Scene,smoke,1 smoke plume,0.79
IMG_1064,Fire Scene,smoke,1 smoke plume,0.81
IMG_1065,Fire Scene,smoke,1 smoke plume,0.83
IMG_1066,Fire Scene,smoke,1 smoke plume,0.87
IMG_1067,Fire Scene,smoke,1 smoke plume,0.8
IMG_1068,Fire Scene,smoke,1 smoke plume,0.76
IMG_1069,Fire Scene,smoke,1 smoke plume,0.81
IMG_1070,Fire Scene,smoke,1 smoke plume,0.81
IMG_1071,Fire Scene,smoke,1 smoke plume,0.83
IMG_1072,Fire Scene,smoke,1 smoke plume,0.77
IMG_1073,Fire Scene,smoke,1 smoke plume,0.77
IMG_1074,Fire Scene,smoke,1 smoke plume,0.8
IMG_1075,Fire Scene,smoke,1 smoke plume,0.86
IMG_1076,Fire Scene,smoke,1 smoke plume,0.88
IMG_1077,Fire Scene,smoke,1 smoke plume,0.85
IMG_1078,Fire Scene,smoke,1 smoke plume,0.85
IMG_1079,Fire Scene,smoke,1 smoke plume,0.83
