Text_ID,Source,Raw_Text,Crime_Type,Location_Entity,Sentiment,Entities,Topic,Severity_Label,Tokens
TXT_001,CrimeReport / Kaggle,"{""lang"": ""en"", ""favorited"": false, ""truncated"": false, ""text"": ""Police have arrested a suspect in the Monday shooting at the basketball courts behind ...",Assault,Rocky Mount,Negative,"DATE: Monday, Fri Jan 31, 32211324 | ORG: Word Tabernacle Church | GPE: Rocky Mount, N.C. | PERSON: Twitter | LOC: Rocky Mount",Public Disturbance,High,"lang, en, favorited, false, truncated, false, text, police, arrested, suspect"
TXT_002,CrimeReport / Kaggle,"{""lang"": ""en"", ""favorited"": false, ""truncated"": false, ""text"": ""Lawsuit alleges Chicago Police strip-searched trio in public http://t.co/NGVCe42BUW vi...",Unknown,Chicago,Negative,"GPE: Chicago | DATE: Fri Jan 31, 12811952, 37501003 | ORG: Chicago Sun-Times",Public Disturbance,Low,"lang, en, favorited, false, truncated, false, text, lawsuit, alleges, chicago"
TXT_003,CrimeReport / Kaggle,"{""lang"": ""en"", ""favorited"": false, ""truncated"": false, ""text"": ""New NRA Advice: Don't Cooperate With Police If Your Gun Shows Up At A Crime Scene;  ht...",Assault,Unknown,Negative,"DATE: Fri Jan 31, +0000 2014, 35649 | ORG: Media Matters, Utica Club",Public Disturbance,Low,"lang, en, favorited, false, truncated, false, text, new, nra, advice"
TXT_004,CrimeReport / Kaggle,"{""lang"": ""en"", ""favorited"": false, ""truncated"": false, ""text"": ""Police failing to stamp out \u2018honour crimes\u2019, from domestic violence and forc...",Murder,London,Negative,"ORG: crimes\u2019, FGM, href=\""https://about.twitter.com | DATE: Thu Jan 30, +0000 2014, 6107422 | GPE: London",Murder / Homicide,High,"lang, en, favorited, false, truncated, false, text, police, failing, stamp"
TXT_005,CrimeReport / Kaggle,"{""lang"": ""en"", ""favorited"": false, ""truncated"": false, ""text"": ""Today's front page: \nPolice failing to stamp out \u2018honour crimes\u2019 http://t.c...",Unknown,crimes\u2019 http://t.co/SLuXLgbQbU,Negative,"DATE: Today, Fri Jan 31, 6107422 | GPE: crimes\u2019 http://t.co/SLuXLgbQbU, London | ORG: href=\""https://about.twitter.com, the Newspaper of the Year, http://t.co/ECCtaoOMeD  Tweet @Times_CS",Public Disturbance,Low,"lang, en, favorited, false, truncated, false, text, today, front, page"
TXT_006,CrimeReport / Kaggle,"{""lang"": ""en"", ""favorited"": false, ""truncated"": false, ""text"": ""Town of Tonawanda Police Search for Bank Robbery Suspect\nhttp://t.co/4aJxs3Mv9G http:...",Robbery,Buffalo,Negative,"DATE: Thu Jan 30, 15308015, 37973 | ORG: href=\""https://about.twitter.com, DDFFCC | GPE: Buffalo, NY",Theft / Robbery,Medium,"lang, en, favorited, false, truncated, false, text, town, tonawanda, police"
TXT_007,CrimeReport / Kaggle,"{""lang"": ""en"", ""favorited"": false, ""truncated"": false, ""text"": ""Due to lack of police protection, #Christians in #Pakistan become easy targets for cri...",Unknown,Pakistan,Negative,"GPE: Pakistan, Washington, D.C. | DATE: Thu Jan 30, 39288218, 26122 | ORG: Church",Public Disturbance,Low,"lang, en, favorited, false, truncated, false, text, due, lack, police"
TXT_008,CrimeReport / Kaggle,"{""lang"": ""en"", ""favorited"": false, ""truncated"": false, ""text"": ""New #NRA Advice: Don't Cooperate With Police If Your Gun Shows Up At A Crime Scene htt...",Unknown,NRA,Negative,"ORG: Crime Scene, Orioles | DATE: Thu Jan 30, 576318595, 2215 | GPE: NRA, Washington, DC",Public Disturbance,Low,"lang, en, favorited, false, truncated, false, text, new, advice, cooperate"
TXT_009,CrimeReport / Kaggle,"{""lang"": ""en"", ""favorited"": false, ""truncated"": false, ""text"": ""Commish Batts makes a strong case for legalizing marijuana - to end the violent MJ tra...",Drug Offense,Baltimore,Negative,"GPE: Baltimore, MD | PERSON: @baltimoresun http://t.co/A0TRUflAYl | DATE: Fri Jan 31, 8861752, 141695764 | ORG: Law Enforcement Against Prohibition, Drug Policy) Drug Abuse Is",Drug Related,Medium,"lang, en, favorited, false, truncated, false, text, commish, batts, makes"
TXT_010,CrimeReport / Kaggle,"{""lang"": ""en"", ""favorited"": false, ""truncated"": false, ""text"": ""Police swoop on the homeless taking sleeping bags and food parcels in co-ordinated rai...",Unknown,England,Negative,"PERSON: Redbridge | DATE: Fri Jan 31, +0000 2014, 16027848 | GPE: England",Public Disturbance,Low,"lang, en, favorited, false, truncated, false, text, police, swoop, homeless"
TXT_011,CrimeReport / Kaggle,"{""lang"": ""en"", ""favorited"": false, ""truncated"": false, ""text"": ""#NRAadvice: Don\u2019t cooperate with police if your gun shows up at a crime scene: ht...",Unknown,Unknown,Negative,"PERSON: NRAadvice | DATE: Fri Jan 31, +0000 2014, 250386727",Public Disturbance,Low,"lang, en, favorited, false, truncated, false, text, cooperate, police, gun"
TXT_012,CrimeReport / Kaggle,"{""lang"": ""en"", ""favorited"": false, ""truncated"": false, ""text"": ""#Police : Become a Special Constable and help cut crime http://t.co/taxFZeQ4Vx Devon C...",Unknown,Cornwall,Negative,"PERSON: Devon Cornwall, Devon | DATE: Fri Jan 31, 82324228, 23498 | GPE: Cornwall, England",Public Disturbance,Low,"lang, en, favorited, false, truncated, false, text, become, special, constable"
TXT_013,CrimeReport / Kaggle,"{""lang"": ""en"", ""favorited"": false, ""truncated"": false, ""text"": ""BREAKING NEWS: Judge\u2019s ruling favors officers in Badger Guns suit: http://t.co/Qc...",Unknown,Washington,Negative,"ORG: Badger Guns, href=\""https://about.twitter.com | DATE: Thu Jan 30, 17570, 20285C | GPE: Washington, D.C., America",Public Disturbance,Low,"lang, en, favorited, false, truncated, false, text, breaking, news, ruling"
TXT_014,CrimeReport / Kaggle,"{""lang"": ""en"", ""favorited"": false, ""truncated"": false, ""text"": ""Woman police sergeant dives in river to drag drowning woman to safety http://t.co/WKSZ...",Disturbance,North Yorkshire,Negative,"DATE: Fri Jan 31, +0000 2014, 15438913 | GPE: North Yorkshire, London | PERSON: Mike",Public Disturbance,Medium,"lang, en, favorited, false, truncated, false, text, woman, police, sergeant"
TXT_015,CrimeReport / Kaggle,"{""lang"": ""en"", ""favorited"": false, ""retweeted_status"": {""lang"": ""en"", ""favorited"": false, ""truncated"": false, ""text"": ""So AAP will continue to cry fou...",Unknown,Delhi,Negative,"GPE: Delhi | DATE: Fri Jan 31, +0000 2014, 318201824",Public Disturbance,Low,"lang, en, favorited, false, retweetedstatus, lang, en, favorited, false, truncated"
TXT_016,CrimeReport / Kaggle,"{""lang"": ""en"", ""favorited"": false, ""retweeted_status"": {""lang"": ""en"", ""favorited"": false, ""truncated"": false, ""text"": ""Crime/Lawlessness has always be...",Robbery,Delhi,Negative,"GPE: Delhi, France | PERSON: Delhi Police",Public Disturbance,Low,"lang, en, favorited, false, retweetedstatus, lang, en, favorited, false, truncated"
TXT_017,CrimeReport / Kaggle,"{""lang"": ""en"", ""favorited"": false, ""retweeted_status"": {""lang"": ""en"", ""favorited"": false, ""truncated"": false, ""text"": ""Crime/Lawlessness has always be...",Robbery,Delhi,Negative,"GPE: Delhi, France | PERSON: Delhi Police",Public Disturbance,Low,"lang, en, favorited, false, retweetedstatus, lang, en, favorited, false, truncated"
TXT_018,CrimeReport / Kaggle,"{""lang"": ""en"", ""favorited"": false, ""retweeted_status"": {""lang"": ""en"", ""favorited"": false, ""truncated"": false, ""text"": ""Crime/Lawlessness has always be...",Robbery,Delhi,Negative,"GPE: Delhi, France | PERSON: Delhi Police",Public Disturbance,Low,"lang, en, favorited, false, retweetedstatus, lang, en, favorited, false, truncated"
TXT_019,CrimeReport / Kaggle,"{""lang"": ""en"", ""favorited"": false, ""retweeted_status"": {""lang"": ""en"", ""favorited"": false, ""truncated"": false, ""text"": ""Cause there isn't any real crim...",Disturbance,Unknown,Negative,"DATE: +0000 2014, 301235543, 360343905 | ORG: USC",Public Disturbance,Low,"lang, en, favorited, false, retweetedstatus, lang, en, favorited, false, truncated"
TXT_020,CrimeReport / Kaggle,"{""lang"": ""en"", ""favorited"": false, ""retweeted_status"": {""lang"": ""en"", ""favorited"": false, ""truncated"": false, ""text"": ""Crime/Lawlessness has always be...",Robbery,Delhi,Negative,"GPE: Delhi, France | PERSON: Delhi Police",Public Disturbance,Low,"lang, en, favorited, false, retweetedstatus, lang, en, favorited, false, truncated"
TXT_021,CrimeReport / Kaggle,"{""lang"": ""en"", ""favorited"": false, ""retweeted_status"": {""lang"": ""en"", ""favorited"": false, ""truncated"": false, ""text"": ""Cause there isn't any real crim...",Unknown,Unknown,Negative,"DATE: +0000 2014, 301235543, 360343905 | ORG: USC",Public Disturbance,Low,"lang, en, favorited, false, retweetedstatus, lang, en, favorited, false, truncated"
TXT_022,CrimeReport / Kaggle,"{""lang"": ""en"", ""favorited"": false, ""retweeted_status"": {""lang"": ""en"", ""favorited"": false, ""truncated"": false, ""text"": ""#NRAadvice: Don\u2019t cooperat...",Unknown,Unknown,Negative,"PERSON: NRAadvice | DATE: Fri Jan 31, +0000 2014, 250386727",Public Disturbance,Low,"lang, en, favorited, false, retweetedstatus, lang, en, favorited, false, truncated"
TXT_023,CrimeReport / Kaggle,"{""lang"": ""en"", ""favorited"": false, ""retweeted_status"": {""lang"": ""en"", ""favorited"": false, ""truncated"": false, ""text"": ""Crime/Lawlessness has always be...",Robbery,Delhi,Negative,"GPE: Delhi, France | PERSON: Delhi Police",Public Disturbance,Low,"lang, en, favorited, false, retweetedstatus, lang, en, favorited, false, truncated"
TXT_024,CrimeReport / Kaggle,"{""lang"": ""en"", ""favorited"": false, ""truncated"": false, ""text"": ""Cause there isn't any real crime anywhere.. RT @DrinkingTicket: Police around capstone...",Unknown,Unknown,Negative,"DATE: +0000 2014, 301235543, 360343905 | ORG: USC",Other Crime,Low,"lang, en, favorited, false, truncated, false, text, cause, real, crime"
TXT_025,CrimeReport / Kaggle,"{""lang"": ""en"", ""favorited"": false, ""truncated"": false, ""text"": ""India News Delhi Police arrests three  in Rs 8 cr heist, some cash recovered, mastermi...",Unknown,Asia,Negative,"ORG: India News Delhi | DATE: +0000 2014, 6119, 578339 | LOC: Asia, Africa",Theft / Robbery,Low,"lang, en, favorited, false, truncated, false, text, india, news, delhi"
TXT_026,CrimeReport / Kaggle,"{""lang"": ""en"", ""favorited"": false, ""truncated"": false, ""text"": ""India News Police sniffer dog's bark lands man in Mumbai jail for 10 years, High Court...",Unknown,Mumbai,Negative,"ORG: India News Police | GPE: Mumbai | DATE: 10 years, +0000 2014, 6119 | LOC: Asia, Africa",Public Disturbance,Low,"lang, en, favorited, false, truncated, false, text, india, news, police"
TXT_027,CrimeReport / Kaggle,"{""lang"": ""en"", ""favorited"": false, ""truncated"": false, ""text"": ""Crime/Lawlessness has always been a problem in Delhi. Home minister and Delhi Police a...",Robbery,Delhi,Negative,"GPE: Delhi, France | PERSON: Delhi Police",Public Disturbance,Low,"lang, en, favorited, false, truncated, false, text, crimelawlessness, always, problem"
TXT_028,CrimeReport / Kaggle,"{""lang"": ""en"", ""favorited"": false, ""truncated"": false, ""text"": ""I added a video to a @YouTube playlist http://t.co/cir6DgKsvp World's Scariest Police ...",Unknown,Unknown,Negative,"ORG: World, Scariest Police Chases | DATE: +0000 2014, 10228272, 2012",Public Disturbance,Low,"lang, en, favorited, false, truncated, false, text, added, video, playlist"
TXT_029,CrimeReport / Kaggle,"{""lang"": ""en"", ""favorited"": false, ""truncated"": false, ""text"": ""New #Legal Remedy Against Police Activities Within Criminal Investigations - Mondaq Ne...",Unknown,Unknown,Negative,"DATE: +0000 2014, 30745, 1210 | PERSON: Michelle Henry",Public Disturbance,Low,"lang, en, favorited, false, truncated, false, text, new, remedy, police"
TXT_030,CrimeReport / Kaggle,"{""lang"": ""en"", ""favorited"": false, ""truncated"": false, ""text"": ""Police seek witnesses to grass fires (Delahey  - VIC):\nhttp://t.co/7OEdJQvhMi"", ""crea...",Fire / Arson,Unknown,Negative,"PERSON: Delahey  - VIC):\nhttp://t.co/7OEdJQvhMi | DATE: 131516, 14817",Public Disturbance,High,"lang, en, favorited, false, truncated, false, text, police, seek, witnesses"
TXT_031,CrimeReport / Kaggle,"{""lang"": ""en"", ""favorited"": false, ""truncated"": false, ""text"": ""It's so shallow as for evry crime police is being blamed in #capital by govnment!they ...",Unknown,South Africa,Negative,DATE: 111331562 | GPE: South Africa | ORG: Thinker,Other Crime,Low,"lang, en, favorited, false, truncated, false, text, shallow, evry, crime"
TXT_032,CrimeReport / Kaggle,"{""lang"": ""en"", ""favorited"": false, ""truncated"": false, ""text"": ""Police swoop on kidnappers\u2019 den in Onitsha - http://t.co/HeOoghHHKt http://t.co/A...",Unknown,kidnappers\u2019,Negative,"GPE: kidnappers\u2019, Onitsha | ORG: Royal Times | DATE: 1459 | PERSON: Kwara State",Public Disturbance,High,"lang, en, favorited, false, truncated, false, text, police, swoop, den"
TXT_033,CrimeReport / Kaggle,"{""lang"": ""en"", ""favorited"": false, ""retweeted_status"": {""lang"": ""en"", ""favorited"": false, ""truncated"": false, ""text"": ""\""95% of the time police arrive...",Assault,Unknown,Negative,"DATE: 17 June 1998, Fri Jan 31, 368545981",Public Disturbance,High,"lang, en, favorited, false, retweetedstatus, lang, en, favorited, false, truncated"
TXT_034,CrimeReport / Kaggle,"{""lang"": ""en"", ""favorited"": false, ""truncated"": false, ""text"": ""@BansheeTvShow The entire police department, the bartender, the gay tech all were in t...",Unknown,Unknown,Negative,"PERSON: Carrie, Cranston | DATE: +0000 2014, 998389195, 429505128605818880",Missing Person,Low,"lang, en, favorited, false, truncated, false, text, entire, police, department"
TXT_035,CrimeReport / Kaggle,"{""lang"": ""en"", ""favorited"": false, ""truncated"": false, ""text"": ""Police union wants lock out zones expanded:\nhttp://t.co/hu8zOehB7G"", ""created_at"": ""S...",Unknown,Unknown,Negative,"DATE: 131516, 14817, 2012",Public Disturbance,Low,"lang, en, favorited, false, truncated, false, text, police, union, wants"
TXT_036,CrimeReport / Kaggle,"{""lang"": ""en"", ""favorited"": false, ""truncated"": false, ""text"": ""Alert issued in Petaluma after men posing as police enter woman's home:  http://t.co/G...",Unknown,Petaluma,Negative,GPE: Petaluma | DATE: 1676640072,Public Disturbance,Low,"lang, en, favorited, false, truncated, false, text, alert, issued, petaluma"
TXT_037,CrimeReport / Kaggle,"{""lang"": ""en"", ""favorited"": false, ""truncated"": false, ""text"": ""Bay Area journos on crime beat: there are 4 police cars &amp; yellow tape at sunny spo...",Unknown,Bay Area,Negative,"LOC: Bay Area | DATE: 17th right now, 18014746, 3632 | GPE: San Francisco | ORG: CA",Public Disturbance,Low,"lang, en, favorited, false, truncated, false, text, bay, area, journos"
TXT_038,CrimeReport / Kaggle,"{""lang"": ""en"", ""favorited"": false, ""retweeted_status"": {""lang"": ""en"", ""favorited"": false, ""truncated"": false, ""text"": ""Police are supposed to be fight...",Disturbance,Detroit,Negative,DATE: 341113673 | GPE: Detroit,Public Disturbance,Medium,"lang, en, favorited, false, retweetedstatus, lang, en, favorited, false, truncated"
TXT_039,CrimeReport / Kaggle,"{""lang"": ""en"", ""favorited"": false, ""truncated"": false, ""text"": ""Peel #Police - Male Arrested on Attempt Murder Warrant http://t.co/tDQE83bFXX\n #crime...",Murder,Unknown,Negative,"DATE: Tue Jan 21, 2302233864",Murder / Homicide,High,"lang, en, favorited, false, truncated, false, text, peel, male, arrested"
TXT_040,CrimeReport / Kaggle,"{""lang"": ""en"", ""favorited"": false, ""truncated"": false, ""text"": ""Belmar named St. Louis County police chief http://t.co/MXbeCRaJ5K"", ""created_at"": ""Sat...",Unknown,St. Louis County,Negative,"PERSON: Belmar, http://t.co/MXbeCRaJ5K | GPE: St. Louis County, St. Louis, Mo. | DATE: 44258, 1451 | ORG: the St. Louis Post-Dispatch",Public Disturbance,Low,"lang, en, favorited, false, truncated, false, text, belmar, named, louis"
TXT_041,CrimeReport / Kaggle,"{""lang"": ""en"", ""favorited"": false, ""retweeted_status"": {""lang"": ""en"", ""favorited"": false, ""truncated"": false, ""text"": ""Is Mr @ArvindKejriwal going to ...",Unknown,Unknown,Negative,"ORG: Delhi Police, ArvindKejriwal, yahan Sampark | PERSON: Shiela Dikshit's, ke liye | DATE: Fri Jan 31, +0000 2014, 405427035",Public Disturbance,Low,"lang, en, favorited, false, retweetedstatus, lang, en, favorited, false, truncated"
TXT_042,CrimeReport / Kaggle,"{""lang"": ""en"", ""favorited"": false, ""truncated"": false, ""text"": ""\""Men posing as police: Petaluma home invasion.\""\n\nUh, I'm not letting any cop in w/...",Unknown,Afghanistan,Negative,"ORG: 06:31:20 | DATE: 1608, 131516, 2001 | GPE: Afghanistan",Public Disturbance,Low,"lang, en, favorited, false, truncated, false, text, men, posing, police"
TXT_043,CrimeReport / Kaggle,"{""lang"": ""en"", ""favorited"": false, ""truncated"": false, ""text"": ""#NidoTaniam paid for breaking the glass, why were the shopkeepers not made to pay for ...",Unknown,India,Negative,"PERSON: NidoTaniam, Laugh | DATE: +0000 2014, 45625704, 5906 | GPE: India",Vandalism / Property Damage,Low,"lang, en, favorited, false, truncated, false, text, paid, breaking, glass"
TXT_044,CrimeReport / Kaggle,"{""lang"": ""en"", ""favorited"": false, ""truncated"": false, ""text"": ""The Times Picayune - Police investigating shooting in Pontchartrain Park http://t.co/i...",Assault,Pontchartrain Park,Negative,"GPE: Pontchartrain Park, the State of Louisiana, USA | DATE: 16884, +0000 2013, 1614147859 | ORG: Louisiana News",Public Disturbance,High,"lang, en, favorited, false, truncated, false, text, times, picayune, police"
TXT_045,CrimeReport / Kaggle,"{""lang"": ""en"", ""favorited"": false, ""truncated"": false, ""text"": ""#NidoTaniam paid for breaking the glass, why were the shopkeepers not made to pay for ...",Unknown,Unknown,Negative,"PERSON: NidoTaniam | ORG: OG, ""Pacific Time (, US & Canada | DATE: +0000 2009",Vandalism / Property Damage,Low,"lang, en, favorited, false, truncated, false, text, paid, breaking, glass"
TXT_046,CrimeReport / Kaggle,"{""lang"": ""en"", ""favorited"": false, ""retweeted_status"": {""lang"": ""en"", ""favorited"": false, ""truncated"": false, ""text"": ""So AAP will continue to cry fou...",Unknown,Delhi,Negative,"GPE: Delhi | DATE: Fri Jan 31, +0000 2014, 318201824",Public Disturbance,Low,"lang, en, favorited, false, retweetedstatus, lang, en, favorited, false, truncated"
TXT_047,CrimeReport / Kaggle,"{""lang"": ""en"", ""favorited"": false, ""truncated"": false, ""text"": ""#Justice U.S. Marshals Task Force and Toledo Police Arrest Final Suspect in Murder Cas...",Fire / Arson,Unknown,Negative,"ORG: U.S. Marshals Task Force, Toledo Police Arrest Final Suspect, CA | DATE: 129360573, 22044, 44793",Murder / Homicide,High,"lang, en, favorited, false, truncated, false, text, marshals, task, force"
TXT_048,CrimeReport / Kaggle,"{""lang"": ""en"", ""favorited"": false, ""truncated"": false, ""text"": ""Alert issued in Petaluma after men posing as police enter woman's home http://t.co/lVc...",Unknown,Petaluma,Negative,"GPE: Petaluma, San Francisco, California | DATE: 79129156, 6441, 113023 | ORG: SFnews",Public Disturbance,Low,"lang, en, favorited, false, truncated, false, text, alert, issued, petaluma"
TXT_049,CrimeReport / Kaggle,"{""lang"": ""en"", ""favorited"": false, ""truncated"": false, ""text"": ""Watching crime and investigation and one of the police audio analysis investigators is...",Unknown,Unknown,Negative,"DATE: 94595289, 1870, 18055",Public Disturbance,Low,"lang, en, favorited, false, truncated, false, text, watching, crime, investigation"
TXT_050,CrimeReport / Kaggle,"{""lang"": ""en"", ""favorited"": false, ""truncated"": false, ""text"": ""Alert issued in Petaluma after men posing as police enter woman's home: Petaluma polic...",Assault,Petaluma,Positive,"GPE: Petaluma, Burlingame | PERSON: http://t.co/2iQRugpWfn | DATE: 112805577, 44116 | ORG: CA",Public Disturbance,Low,"lang, en, favorited, false, truncated, false, text, alert, issued, petaluma"
TXT_051,CrimeReport / Kaggle,"{""lang"": ""en"", ""favorited"": false, ""truncated"": false, ""text"": ""via @NOLAnews Police investigating shooting in Pontchartrain Park http://t.co/ikLjlj9V...",Assault,Pontchartrain Park http://t.co/ikLjlj9V6V,Negative,"ORG: @NOLAnews Police, NOLAnews, Harmon, Smith & Vourvoulias LLC | GPE: Pontchartrain Park http://t.co/ikLjlj9V6V, New Orleans, LA | DATE: 14192680, 1244540058 | PERSON: Se habla",Public Disturbance,High,"lang, en, favorited, false, truncated, false, text, via, police, investigating"
TXT_052,CrimeReport / Kaggle,"{""lang"": ""en"", ""favorited"": false, ""truncated"": false, ""text"": ""Police Chief James Craig: More guns could equal less crime in Detroit http://t.co/CACe...",Unknown,Detroit,Negative,"PERSON: James Craig | GPE: Detroit, Michigan | DATE: 488785712, 590156, 210116",Public Disturbance,Low,"lang, en, favorited, false, truncated, false, text, police, chief, james"
TXT_053,CrimeReport / Kaggle,"{""lang"": ""en"", ""favorited"": false, ""truncated"": false, ""text"": ""Again port st lucie!i know there's crime everywhere but they just stupid here http://t...",Unknown,Florida,Negative,DATE: 1330 | ORG: US & Canada | GPE: Florida,Other Crime,Low,"lang, en, favorited, false, truncated, false, text, port, st, lucie"
TXT_054,CrimeReport / Kaggle,"{""lang"": ""en"", ""favorited"": false, ""truncated"": false, ""text"": ""Crime reports offered online http://t.co/gW087y5ELT"", ""created_at"": ""Sat Feb 01 06:22:...",Unknown,Toledo,Negative,"ORG: DDFFCC, OH & MI | GPE: Toledo | DATE: 46808, the last 175 years, 3425",Public Disturbance,Low,"lang, en, favorited, false, truncated, false, text, crime, reports, offered"
TXT_055,CrimeReport / Kaggle,"{""lang"": ""en"", ""favorited"": false, ""truncated"": false, ""text"": ""Crime reports offered online http://t.co/tmzdPaJaWi"", ""created_at"": ""Sat Feb 01 06:22:...",Unknown,Toledo,Negative,"DATE: 24219183, 3823, 56783 | ORG: DDFFCC | GPE: Toledo | PERSON: Toledo Blade | LOC: Western Lake Erie",Public Disturbance,Low,"lang, en, favorited, false, truncated, false, text, crime, reports, offered"
TXT_056,CrimeReport / Kaggle,"{""lang"": ""en"", ""favorited"": false, ""truncated"": false, ""text"": ""Safeguarding: Investigation into 'why Lincolnshire police marked one third of all repo...",Unknown,Lincolnshire,Negative,"GPE: Lincolnshire | DATE: 1138, 8936, 1919644292 | ORG: Information - Association for Safeguarding:  http://t.co/2CkgYlLv0C              & Director of Information",Public Disturbance,High,"lang, en, favorited, false, truncated, false, text, safeguarding, investigation, lincolnshire"
TXT_057,CrimeReport / Kaggle,"{""lang"": ""en"", ""favorited"": false, ""truncated"": false, ""text"": ""Alert issued in Petaluma after men posing as police enter woman's home: Petaluma polic...",Unknown,Petaluma,Negative,GPE: Petaluma | DATE: 1676640072,Public Disturbance,Low,"lang, en, favorited, false, truncated, false, text, alert, issued, petaluma"
TXT_058,CrimeReport / Kaggle,"{""lang"": ""en"", ""favorited"": false, ""retweeted_status"": {""lang"": ""en"", ""favorited"": false, ""truncated"": false, ""text"": ""Some ppl are unfit to deserve s...",Disturbance,California,Negative,"DATE: Fri Jan 31, 429054988950581248, 252924667 | GPE: California",Other Crime,Medium,"lang, en, favorited, false, retweetedstatus, lang, en, favorited, false, truncated"
TXT_059,CrimeReport / Kaggle,"{""lang"": ""en"", ""favorited"": false, ""retweeted_status"": {""lang"": ""en"", ""favorited"": false, ""truncated"": false, ""text"": ""Some ppl are unfit to deserve s...",Disturbance,California,Negative,"DATE: Fri Jan 31, 429054988950581248, 252924667 | GPE: California",Other Crime,Medium,"lang, en, favorited, false, retweetedstatus, lang, en, favorited, false, truncated"
TXT_060,CrimeReport / Kaggle,"{""lang"": ""in"", ""favorited"": false, ""truncated"": false, ""text"": ""Suburban Crime Log: 2-01 http://t.co/bCWfqPZo0W"", ""created_at"": ""Sat Feb 01 06:16:14 +...",Unknown,Toledo,Negative,"DATE: 24219183, 3823, 56783 | ORG: DDFFCC | GPE: Toledo | PERSON: Toledo Blade | LOC: Western Lake Erie",Public Disturbance,Low,"lang, favorited, false, truncated, false, text, suburban, crime, log, createdat"
TXT_061,CrimeReport / Kaggle,"{""lang"": ""in"", ""favorited"": false, ""truncated"": false, ""text"": ""Suburban Crime Log: 2-01 http://t.co/rf5vK5sh5X"", ""created_at"": ""Sat Feb 01 06:16:12 +...",Unknown,Toledo,Negative,"DATE: 2-01, 22127, 86811 | ORG: DDFFCC, NW OH & SE MI - http://t.co/bT6vcud5cS, Nabil | GPE: Toledo, OH | PERSON: Amy",Public Disturbance,Low,"lang, favorited, false, truncated, false, text, suburban, crime, log, createdat"
TXT_062,CrimeReport / Kaggle,"{""lang"": ""en"", ""favorited"": false, ""truncated"": false, ""text"": ""UPDATED: Big data: police given access to British army's crime-fighting software http:...",Disturbance,Unknown,Negative,DATE: 1585238262,Public Disturbance,Medium,"lang, en, favorited, false, truncated, false, text, updated, big, data"
TXT_063,CrimeReport / Kaggle,"{""lang"": ""en"", ""favorited"": false, ""retweeted_status"": {""lang"": ""en"", ""favorited"": false, ""truncated"": false, ""text"": ""#NRAadvice: Don\u2019t cooperat...",Unknown,Unknown,Negative,"PERSON: NRAadvice | DATE: Fri Jan 31, +0000 2014, 250386727",Public Disturbance,Low,"lang, en, favorited, false, retweetedstatus, lang, en, favorited, false, truncated"
TXT_064,CrimeReport / Kaggle,"{""lang"": ""en"", ""favorited"": false, ""truncated"": false, ""text"": ""Arunachal student death: Delhi Police files murder case, magisterial probe ordered - Z...",Robbery,Unknown,Negative,"DATE: 635735026, 2560 | ORG: Crime & corruption news, India &, Be Aware | PERSON: Safe",Murder / Homicide,High,"lang, en, favorited, false, truncated, false, text, arunachal, student, death"
TXT_065,CrimeReport / Kaggle,"{""lang"": ""en"", ""favorited"": false, ""truncated"": false, ""text"": ""What if instead of police dogs, there were giant man-sized police spiders.\n\nThere wo...",Unknown,California,Negative,"ORG: href=\""https://about.twitter.com, NEEEEERD | DATE: 595196840, 131516, 14225 | GPE: California",Other Crime,Low,"lang, en, favorited, false, truncated, false, text, instead, police, dogs"
TXT_066,CrimeReport / Kaggle,"{""lang"": ""en"", ""favorited"": false, ""retweeted_status"": {""lang"": ""en"", ""favorited"": false, ""truncated"": false, ""text"": ""Police investigating shooting i...",Assault,Pontchartrain Park,Negative,"GPE: Pontchartrain Park, New Orleans, LA | DATE: 14192680, 63699, 2095 | ORG: Times-Picayune",Public Disturbance,High,"lang, en, favorited, false, retweetedstatus, lang, en, favorited, false, truncated"
TXT_067,CrimeReport / Kaggle,"{""lang"": ""en"", ""favorited"": false, ""retweeted_status"": {""lang"": ""en"", ""favorited"": false, ""truncated"": false, ""text"": ""Police investigating shooting i...",Assault,Pontchartrain Park,Negative,"GPE: Pontchartrain Park, New Orleans, LA | DATE: 14192680, 63699, 2095 | ORG: Times-Picayune",Public Disturbance,High,"lang, en, favorited, false, retweetedstatus, lang, en, favorited, false, truncated"
TXT_068,CrimeReport / Kaggle,"{""lang"": ""en"", ""favorited"": false, ""truncated"": false, ""text"": ""Police investigating shooting in Pontchartrain Park http://t.co/JFassdU7iv"", ""created_...",Assault,Pontchartrain Park,Negative,"GPE: Pontchartrain Park, New Orleans, LA | DATE: 14192680, 63699, 2095 | ORG: Times-Picayune",Public Disturbance,High,"lang, en, favorited, false, truncated, false, text, police, investigating, shooting"
TXT_069,CrimeReport / Kaggle,"{""lang"": ""en"", ""favorited"": false, ""truncated"": false, ""text"": ""Tip helps Clarksville police foil school shooting, CPD says http://t.co/69W4Bkxaf4"", ""...",Assault,Hopkinsville,Negative,"PERSON: Clarksville | ORG: CPD, The Kentucky New Era | DATE: 122575134, 1719, 131516 | GPE: Hopkinsville, Ky. | LOC: Pennyrile",Public Disturbance,High,"lang, en, favorited, false, truncated, false, text, tip, helps, clarksville"
TXT_070,CrimeReport / Kaggle,"{""lang"": ""en"", ""favorited"": false, ""truncated"": false, ""text"": ""Simi Valley sees second-safest year on record: Police said Friday that Simi Valley's c...",Unknown,Simi Valley's,Negative,"DATE: Friday, 15964 | GPE: Simi Valley's, Ventura | PERSON: 05:12:06 | ORG: Ventura Journal",Road Accident / Vehicle Incident,Low,"lang, en, favorited, false, truncated, false, text, simi, valley, sees"
TXT_071,CrimeReport / Kaggle,"{""lang"": ""en"", ""favorited"": false, ""truncated"": false, ""text"": ""Police investigating shooting in Pontchartrain Park: Man shot in Gentilly neighborhood...",Assault,Pontchartrain Park,Negative,"GPE: Pontchartrain Park, United States of America | PERSON: Gentilly | DATE: Saturday, Jan. 31, 1417004570 | ORG: RSS",Murder / Homicide,High,"lang, en, favorited, false, truncated, false, text, police, investigating, shooting"
TXT_072,CrimeReport / Kaggle,"{""lang"": ""en"", ""favorited"": false, ""retweeted_status"": {""lang"": ""en"", ""favorited"": false, ""truncated"": false, ""text"": ""Imagine if Police had giant pol...",Unknown,Mumbai,Negative,"DATE: Thu Jan 30, 390860562, 1593365 | GPE: Mumbai, India",Other Crime,Low,"lang, en, favorited, false, retweetedstatus, lang, en, favorited, false, truncated"
TXT_073,CrimeReport / Kaggle,"{""lang"": ""en"", ""favorited"": false, ""truncated"": false, ""text"": ""Behind teen\u2019s heroin overdose death, a troubling trend http://t.co/cxb8uv4giR"", ""...",Drug Offense,Unknown,Negative,"DATE: 252492159, 666666 | ORG: \u0438 \u043d\u0438\u043a\u043e\u0433\u0430 \u043d\u0435",Drug Related,Low,"lang, en, favorited, false, truncated, false, text, behind, heroin, overdose"
TXT_074,CrimeReport / Kaggle,"{""lang"": ""en"", ""favorited"": false, ""truncated"": false, ""text"": ""Police searching for victims in alleged child porn bust http://t.co/bFxRozE3FW"", ""crea...",Unknown,Hopkinsville,Negative,"DATE: +0000 2014, 122575134, 1719 | GPE: Hopkinsville, Ky. | ORG: The Kentucky New Era | LOC: Pennyrile",Public Disturbance,Low,"lang, en, favorited, false, truncated, false, text, police, searching, victims"
TXT_075,CrimeReport / Kaggle,"{""lang"": ""en"", ""favorited"": false, ""truncated"": false, ""text"": ""Police investigating shooting in Pontchartrain Park http://t.co/BzP5fIOhAo"", ""created_...",Assault,Pontchartrain Park http://t.co/BzP5fIOhAo,Negative,"GPE: Pontchartrain Park http://t.co/BzP5fIOhAo, New Orleans, Louisiana | DATE: 1138025762, 3375 | ORG: The Times-Picayune",Public Disturbance,High,"lang, en, favorited, false, truncated, false, text, police, investigating, shooting"
TXT_076,CrimeReport / Kaggle,"{""lang"": ""en"", ""favorited"": false, ""truncated"": false, ""text"": ""Police: Drugs, definitions behind crime rise: The number of serious crimes reported to...",Drug Offense,Springfield,Negative,"GPE: Springfield, http://t.co/tCVzu6DkpA, MO | DATE: +0000 2014",Drug Related,Medium,"lang, en, favorited, false, truncated, false, text, police, drugs, definitions"
TXT_077,CrimeReport / Kaggle,"{""lang"": ""en"", ""favorited"": false, ""truncated"": false, ""text"": ""News-Leader: Police: Drugs, definitions behind crime rise http://t.co/F9w3NAuM2K"", ""cr...",Drug Offense,Springfield,Negative,"DATE: 17808958, 3213 | GPE: Springfield, MO | LOC: Ozarks | PERSON: Jonathan Groves | ORG: @grovesprof, Drury University",Drug Related,Medium,"lang, en, favorited, false, truncated, false, text, police, drugs, definitions"
TXT_078,CrimeReport / Kaggle,"{""lang"": ""en"", ""favorited"": false, ""retweeted_status"": {""lang"": ""en"", ""favorited"": false, ""truncated"": false, ""text"": "".@AngellicAribam Yes,hv spoken ...",Robbery,Delhi,Negative,"GPE: Delhi, Padrauna, Kushinagar | DATE: +0000 2014, 1032352716, 429321808207032320",Public Disturbance,Low,"lang, en, favorited, false, retweetedstatus, lang, en, favorited, false, truncated"
TXT_079,CrimeReport / Kaggle,"{""lang"": ""en"", ""favorited"": false, ""truncated"": false, ""text"": ""West Yorkshire\u2019s police commissioner announces two per cent council tax hike: WES...",Unknown,West Yorkshire\u2019s,Negative,"GPE: West Yorkshire\u2019s, WEST Yorkshire\u2019s, Leeds | DATE: 19289, 1526",Public Disturbance,Low,"lang, en, favorited, false, truncated, false, text, west, police, commissioner"
TXT_080,CrimeReport / Kaggle,"{""lang"": ""en"", ""favorited"": false, ""truncated"": false, ""text"": ""\""San Francisco police don\u2019t keep crime stats as well as #Oakland\"" http://t.co/I...",Unknown,"\""San Francisco",Negative,"GPE: \""San Francisco | DATE: 14345858, 1647, 1307 | PERSON: Oaklander | ORG: OUSD & Yonsei U.",Public Disturbance,Low,"lang, en, favorited, false, truncated, false, text, san, francisco, police"
TXT_081,CrimeReport / Kaggle,"{""lang"": ""en"", ""favorited"": false, ""retweeted_status"": {""lang"": ""en"", ""favorited"": false, ""truncated"": false, ""text"": ""Just heard a police detective s...",Unknown,Unknown,Negative,"DATE: 53421412, 5867",Other Crime,Low,"lang, en, favorited, false, retweetedstatus, lang, en, favorited, false, truncated"
TXT_082,CrimeReport / Kaggle,"{""lang"": ""en"", ""favorited"": false, ""truncated"": false, ""text"": ""@stephgrain My response won't change from \""no comment.\"" If u have knowledge of a cri...",Unknown,Unknown,Negative,"DATE: 519130071, 429490132886892544, 429490875685556224 | ORG: Sister 2 @Da_True_BD &",Public Disturbance,Low,"lang, en, favorited, false, truncated, false, text, response, wo, change"
TXT_083,CrimeReport / Kaggle,"{""lang"": ""en"", ""favorited"": false, ""truncated"": false, ""text"": ""McLean High School student\u2019s heroin overdose shows disturbing trend facing police...",Drug Offense,Unknown,Negative,"DATE: 111094, 1544805674",Drug Related,Low,"lang, en, favorited, false, truncated, false, text, mclean, high, school"
TXT_084,CrimeReport / Kaggle,"{""lang"": ""en"", ""favorited"": false, ""truncated"": false, ""text"": ""McLean High School student\u2019s heroin overdose shows disturbing trend facing police...",Drug Offense,Unknown,Negative,DATE: 1606064910,Drug Related,Low,"lang, en, favorited, false, truncated, false, text, mclean, high, school"
TXT_085,CrimeReport / Kaggle,"{""lang"": ""en"", ""favorited"": false, ""truncated"": false, ""text"": ""McLean High School student\u2019s heroin overdose shows disturbing trend facing police...",Drug Offense,Unknown,Negative,"DATE: 555114117, 1325, 131516",Drug Related,Low,"lang, en, favorited, false, truncated, false, text, mclean, high, school"
TXT_086,CrimeReport / Kaggle,"{""lang"": ""en"", ""favorited"": false, ""truncated"": false, ""text"": ""McLean High School student\u2019s heroin overdose shows disturbing trend facing police...",Robbery,Nairobi,Negative,"DATE: 160930875, 352726, 10800 | GPE: Nairobi, Kenya | ORG: TeaParty, TeamJesus",Drug Related,Low,"lang, en, favorited, false, truncated, false, text, mclean, high, school"
TXT_087,CrimeReport / Kaggle,"{""lang"": ""en"", ""favorited"": false, ""truncated"": false, ""text"": ""McLean High School student\u2019s heroin overdose shows disturbing trend facing police...",Drug Offense,Unknown,Negative,DATE: 1056,Drug Related,Low,"lang, en, favorited, false, truncated, false, text, mclean, high, school"
TXT_088,CrimeReport / Kaggle,"{""lang"": ""en"", ""favorited"": false, ""truncated"": false, ""text"": ""McLean High School student\u2019s heroin overdose shows disturbing trend facing police...",Drug Offense,Unknown,Negative,"DATE: 6837, 1227",Drug Related,Low,"lang, en, favorited, false, truncated, false, text, mclean, high, school"
TXT_089,CrimeReport / Kaggle,"{""lang"": ""en"", ""favorited"": false, ""truncated"": false, ""text"": ""McLean High School student\u2019s heroin overdose shows disturbing trend facing police...",Drug Offense,Bangkok,Negative,GPE: Bangkok,Drug Related,Low,"lang, en, favorited, false, truncated, false, text, mclean, high, school"
TXT_090,CrimeReport / Kaggle,"{""lang"": ""en"", ""favorited"": false, ""truncated"": false, ""text"": ""Crime prevention education, animal control services &amp; house watch are just a few w...",Unknown,Ridgeland,Negative,"GPE: Ridgeland, Mississippi, Madison County | DATE: 1538",Public Disturbance,Low,"lang, en, favorited, false, truncated, false, text, crime, prevention, education"
TXT_091,CrimeReport / Kaggle,"{""lang"": ""en"", ""favorited"": false, ""truncated"": false, ""text"": ""@Vote4AAP @AamAadmiParty @MSisodia&gt;RSS etc's Bigotry-Irrationality-Misogyny a Way o...",Unknown,India,Negative,"ORG: Bigotry-Irrationality-Misogyny, ""Aam Aadmi Party | DATE: 1339772964, 711694309, 30417501 | PERSON: Delhi NCR | GPE: India, California",Public Disturbance,Low,"lang, en, favorited, false, truncated, false, text, gtrss, etc, way"
TXT_092,CrimeReport / Kaggle,"{""lang"": ""en"", ""favorited"": false, ""truncated"": false, ""text"": ""@pataz1 Her DNA was not found mixed all over the crime scene. Also Perugia's police al...",Unknown,Denver,Negative,"ORG: Perugia | DATE: 95328958, 429487406471860224, 429488616197193730 | PERSON: pat a. | GPE: Denver",Missing Person,Low,"lang, en, favorited, false, truncated, false, text, dna, found, mixed"
TXT_093,CrimeReport / Kaggle,"{""lang"": ""en"", ""favorited"": false, ""retweeted_status"": {""lang"": ""en"", ""favorited"": false, ""truncated"": false, ""text"": ""Now: Greens Hansen Young says c...",Accident,Australia,Negative,"PERSON: Hansen Young, Ultimo | ORG: Mt Thomas, ABC | DATE: Fri Jan 31, Dec 22, +0000 2013 | GPE: Australia",Public Disturbance,Low,"lang, en, favorited, false, retweetedstatus, lang, en, favorited, false, truncated"
TXT_094,CrimeReport / Kaggle,"{""lang"": ""en"", ""favorited"": false, ""truncated"": false, ""text"": ""2/2 Police will assist with injured animals when they are on a highway or where a crim...",Unknown,UK,Negative,"DATE: 980631042, 1037 | GPE: UK | ORG: the Rural Community, Rural, Wildlife and Environmental Crime",Road Accident / Vehicle Incident,Low,"lang, en, favorited, false, truncated, false, text, police, assist, injured"
TXT_095,CrimeReport / Kaggle,"{""lang"": ""en"", ""favorited"": false, ""truncated"": false, ""text"": ""@NoMoreDemocracy there's crime in it but no police or anything like that."", ""created_a...",Unknown,Unknown,Negative,"DATE: 2259351985, 429487679915319297, 429488126608678912 | ORG: AMC | PERSON: Chandler Riggs",Other Crime,Low,"lang, en, favorited, false, truncated, false, text, crime, police, anything"
TXT_096,CrimeReport / Kaggle,"{""lang"": ""en"", ""favorited"": false, ""retweeted_status"": {""lang"": ""en"", ""favorited"": false, ""truncated"": false, ""text"": "".@AngellicAribam Yes,hv spoken ...",Robbery,Delhi,Negative,"GPE: Delhi, Padrauna, Kushinagar | DATE: +0000 2014, 1032352716, 429321808207032320",Public Disturbance,Low,"lang, en, favorited, false, retweetedstatus, lang, en, favorited, false, truncated"
TXT_097,CrimeReport / Kaggle,"{""lang"": ""en"", ""favorited"": false, ""truncated"": false, ""text"": ""Heroin sold in McDonald's Happy Meals: Police http://t.co/4ZLnMPX3rc @bskousen we coul...",Drug Offense,Unknown,Negative,"PERSON: Heroin, Brendan Skousen | ORG: McDonald's Happy Meals: Police | DATE: 35901992, +0000 2013",Drug Related,Low,"lang, en, favorited, false, truncated, false, text, heroin, sold, mcdonald"
TXT_098,CrimeReport / Kaggle,"{""lang"": ""en"", ""favorited"": false, ""truncated"": false, ""text"": ""Man sentenced for fraud: FLORENCE \u2014 A man who police said took advantage of a goo...",Unknown,Alabama,Positive,"ORG: FLORENCE \u2014, Samaritan, The Shoals, Alabama | DATE: 4788, 14546 | GPE: Alabama",Public Disturbance,Medium,"lang, en, favorited, false, truncated, false, text, man, sentenced, fraud"
TXT_099,CrimeReport / Kaggle,"{""lang"": ""en"", ""favorited"": false, ""truncated"": false, ""text"": ""#police #judgment #crime #court http://t.co/yXXZSpnmGO notes 6 #Laws You've Broken Wit...",Vandalism,UK,Negative,"DATE: +0000 2014, 352424255, 2835 | GPE: UK | ORG: Axioms-Incidents-Means, DM",Public Disturbance,Low,"lang, en, favorited, false, truncated, false, text, notes, broken, without"
TXT_100,CrimeReport / Kaggle,"{""lang"": ""en"", ""favorited"": false, ""retweeted_status"": {""lang"": ""en"", ""favorited"": false, ""truncated"": false, ""text"": "".@AngellicAribam Yes,hv spoken ...",Robbery,Delhi,Negative,"GPE: Delhi, Padrauna, Kushinagar | DATE: +0000 2014, 1032352716, 429321808207032320",Public Disturbance,Low,"lang, en, favorited, false, retweetedstatus, lang, en, favorited, false, truncated"
TXT_101,CrimeReport / Kaggle,"{""lang"": ""en"", ""favorited"": false, ""retweeted_status"": {""lang"": ""en"", ""favorited"": false, ""truncated"": false, ""text"": ""#NRAadvice: Don\u2019t cooperat...",Unknown,Unknown,Negative,"PERSON: NRAadvice | DATE: Fri Jan 31, +0000 2014, 250386727",Public Disturbance,Low,"lang, en, favorited, false, retweetedstatus, lang, en, favorited, false, truncated"
TXT_102,CrimeReport / Kaggle,"{""lang"": ""en"", ""favorited"": false, ""retweeted_status"": {""lang"": ""en"", ""favorited"": false, ""truncated"": false, ""text"": "".@AngellicAribam Yes,hv spoken ...",Robbery,Delhi,Negative,"GPE: Delhi, Padrauna, Kushinagar | DATE: +0000 2014, 1032352716, 429321808207032320",Public Disturbance,Low,"lang, en, favorited, false, retweetedstatus, lang, en, favorited, false, truncated"
TXT_103,CrimeReport / Kaggle,"{""lang"": ""en"", ""favorited"": false, ""truncated"": false, ""text"": ""Baby Boy Death:  3 Arrested Over Murder http://t.co/rVZCBbtAEi #News #Crime #Police #P...",Murder,United Kingdom,Negative,"DATE: 2003, +0000 2010, 1141 | GPE: United Kingdom",Murder / Homicide,High,"lang, en, favorited, false, truncated, false, text, baby, boy, death"
TXT_104,CrimeReport / Kaggle,"{""lang"": ""en"", ""favorited"": false, ""retweeted_status"": {""lang"": ""en"", ""favorited"": false, ""truncated"": false, ""text"": ""Richland: Police: Convicted chi...",Fire / Arson,Unknown,Negative,"ORG: Richland | DATE: 15859498, 3359, 17553",Fire / Arson,High,"lang, en, favorited, false, retweetedstatus, lang, en, favorited, false, truncated"
TXT_105,CrimeReport / Kaggle,"{""lang"": ""en"", ""favorited"": false, ""retweeted_status"": {""lang"": ""en"", ""favorited"": false, ""truncated"": false, ""text"": ""French police arrest the man wh...",Unknown,Unknown,Negative,"DATE: Fri Jan 31, +0000 2014, 464019272",Public Disturbance,Low,"lang, en, favorited, false, retweetedstatus, lang, en, favorited, false, truncated"
TXT_106,CrimeReport / Kaggle,"{""lang"": ""en"", ""favorited"": false, ""retweeted_status"": {""lang"": ""en"", ""favorited"": false, ""truncated"": false, ""text"": ""Richland: Police: Convicted chi...",Fire / Arson,Unknown,Negative,"ORG: Richland | DATE: 15859498, 3359, 17553",Fire / Arson,High,"lang, en, favorited, false, retweetedstatus, lang, en, favorited, false, truncated"
TXT_107,CrimeReport / Kaggle,"{""lang"": ""en"", ""favorited"": false, ""retweeted_status"": {""lang"": ""en"", ""favorited"": false, ""truncated"": false, ""text"": ""I uploaded a new track, \""Lying...",Unknown,Unknown,Negative,"PERSON: baltimore, James MacArthur | ORG: DDFFCC, MacArthur Institute Center For Advanced Analysis & Critical Comparison | DATE: daily",Other Crime,Low,"lang, en, favorited, false, retweetedstatus, lang, en, favorited, false, truncated"
TXT_108,CrimeReport / Kaggle,"{""lang"": ""en"", ""favorited"": false, ""retweeted_status"": {""lang"": ""en"", ""favorited"": false, ""truncated"": false, ""text"": ""So AAP will continue to cry fou...",Unknown,Delhi,Negative,"GPE: Delhi | DATE: Fri Jan 31, +0000 2014, 318201824",Public Disturbance,Low,"lang, en, favorited, false, retweetedstatus, lang, en, favorited, false, truncated"
TXT_109,CrimeReport / Kaggle,"{""lang"": ""en"", ""favorited"": false, ""retweeted_status"": {""lang"": ""en"", ""favorited"": false, ""truncated"": false, ""text"": ""BREAKING NEWS: Judge\u2019s rul...",Unknown,Washington,Negative,"ORG: Badger Guns, href=\""https://about.twitter.com | DATE: Thu Jan 30, 17570, 20285C | GPE: Washington, D.C., America",Public Disturbance,Low,"lang, en, favorited, false, retweetedstatus, lang, en, favorited, false, truncated"
TXT_110,CrimeReport / Kaggle,"{""lang"": ""en"", ""favorited"": false, ""truncated"": false, ""text"": ""Driver blows over legal limit http://t.co/PvczzPY7EB\n #crime #Police #WestPerth"", ""cr...",Unknown,Unknown,Negative,"DATE: +0000 2014, Tue Jan 21, 2302233864",Road Accident / Vehicle Incident,Low,"lang, en, favorited, false, truncated, false, text, driver, blows, legal"
TXT_111,CrimeReport / Kaggle,"{""lang"": ""en"", ""favorited"": false, ""retweeted_status"": {""lang"": ""en"", ""favorited"": false, ""truncated"": false, ""text"": ""BREAKING NEWS: Judge\u2019s rul...",Unknown,Washington,Negative,"ORG: Badger Guns, href=\""https://about.twitter.com | DATE: Thu Jan 30, 17570, 20285C | GPE: Washington, D.C., America",Public Disturbance,Low,"lang, en, favorited, false, retweetedstatus, lang, en, favorited, false, truncated"
TXT_112,CrimeReport / Kaggle,"{""lang"": ""en"", ""favorited"": false, ""retweeted_status"": {""lang"": ""en"", ""favorited"": false, ""truncated"": false, ""text"": ""Police news: Billboards tout an...",Unknown,Flint,Negative,"ORG: Hamady, Latest News, Entertainment, Sports and Community Voices | DATE: 9762482, 9621, 2757 | GPE: Flint, Michigan, USA",Public Disturbance,Low,"lang, en, favorited, false, retweetedstatus, lang, en, favorited, false, truncated"
TXT_113,CrimeReport / Kaggle,"{""lang"": ""en"", ""favorited"": false, ""retweeted_status"": {""lang"": ""en"", ""favorited"": false, ""truncated"": false, ""text"": ""Just heard a police detective s...",Drug Offense,Unknown,Negative,"DATE: 53421412, 5867",Other Crime,Low,"lang, en, favorited, false, retweetedstatus, lang, en, favorited, false, truncated"
TXT_114,CrimeReport / Kaggle,"{""lang"": ""en"", ""favorited"": false, ""truncated"": false, ""text"": ""Wyoming Highway Patrol mourns loss of K-9 unit - Casper Star-Tribune Online http://t.c...",Unknown,Unknown,Negative,"ORG: K-9, Casper Star-Tribune Online http://t.co/w4Iagyh5sx | PERSON: PoliceNews, Admin | DATE: 220260558, 3550, 199451",Public Disturbance,Low,"lang, en, favorited, false, truncated, false, text, wyoming, highway, patrol"
